[run number],vote-portion-strategic,number-of-voters,perceived-utility-stdev,proportion-of-strategic-voters,minority-power,y-axis,x-axis,QV?,number-of-issues,utility-distribution,issues-correlation,correlate-n-issues,[step],total-payoff-per-issue
6,1,1001,0,0,0,1,0,TRUE,10,Normal mean = 0,-1,6,100,[1.222191028265001 1.8747244402021517 1.6026799868003316 0.13946048657604304 9.324806888326398 9.324806888326398 9.324806888326398 9.324806888326398 9.324806888326398 9.324806888326398]
4,1,1001,0,0,0,1,0,TRUE,10,Normal mean = 0,-1,4,100,[15.830261229873425 7.329208769541099 9.678721739973739 5.799992664184662 8.615491727195037 5.282683899495245 0.523663888332517 0.523663888332517 0.523663888332517 0.523663888332517]
7,1,1001,0,0,0,1,0,TRUE,10,Normal mean = 0,-1,7,100,[11.361235677791456 8.014174069403515 1.3918837296458368 0.8322886114460999 0.8322886114460999 0.8322886114460999 0.8322886114460999 0.8322886114460999 0.8322886114460999 0.8322886114460999]
5,1,1001,0,0,0,1,0,TRUE,10,Normal mean = 0,-1,5,100,[0.8165281895459252 3.6703699771204685 4.917187314871938 22.104630366729133 5.553931091544097 11.128777688199113 11.128777688199113 11.128777688199113 11.128777688199113 11.128777688199113]
2,1,1001,0,0,0,1,0,TRUE,10,Normal mean = 0,-1,2,100,[-2.568994344603075 1.9361082289319935 0.2788392420445839 2.8203987336219942 -1.1389458545657383 1.870608232026499 5.729491546396062 4.344983103226803 6.449080730044004 6.449080730044004]
3,1,1001,0,0,0,1,0,TRUE,10,Normal mean = 0,-1,3,100,[5.900032673240883 0.5446866673436319 -0.10365229867827186 1.6184393577494571 14.65683542821939 -1.0458268283238188 1.8142826223762136 1.4123456035638275 1.4123456035638275 1.4123456035638275]
8,1,1001,0,0,0,1,0,TRUE,10,Normal mean = 0,-1,8,100,[1.9058485876950093 4.268205450273993 4.6158245902764135 4.6158245902764135 4.6158245902764135 4.6158245902764135 4.6158245902764135 4.6158245902764135 4.6158245902764135 4.6158245902764135]
1,1,1001,0,0,0,1,0,TRUE,10,Normal mean = 0,-1,1,100,[8.262012830395838 5.803323569191279 6.6384419262760375 3.859168977182184 3.8152029154595812 2.305201596698289 1.0822961235627884 4.846911980866262 2.574851012063895 5.761396327211218]
11,1,1001,0,0,0,1,0,TRUE,10,Normal mean = 0,-0.95,1,100,[0.8340857180310872 6.429674069019675 6.385492651828982 1.472187596644722 5.347341387728148 2.993400963751921 2.541805297622035 3.4179728970963783 1.946968981214861 1.3729520525004757]
10,1,1001,0,0,0,1,0,TRUE,10,Normal mean = 0,-1,10,100,[2.7587221550301546 2.7587221550301546 2.7587221550301546 2.7587221550301546 2.7587221550301546 2.7587221550301546 2.7587221550301546 2.7587221550301546 2.7587221550301546 2.7587221550301546]
9,1,1001,0,0,0,1,0,TRUE,10,Normal mean = 0,-1,9,100,[2.876802185823325 1.680533124747299 1.680533124747299 1.680533124747299 1.680533124747299 1.680533124747299 1.680533124747299 1.680533124747299 1.680533124747299 1.680533124747299]
12,1,1001,0,0,0,1,0,TRUE,10,Normal mean = 0,-0.95,2,100,[14.608509399775006 5.127227601592392 11.337793251802376 2.319855953147943 2.3614268234117626 11.475040216003496 9.183813867802636 6.777517996866977 12.293407761531205 12.49210906633821]
13,1,1001,0,0,0,1,0,TRUE,10,Normal mean = 0,-0.95,3,100,[-0.47313783569012857 5.365252948980115 3.650149792417614 5.699937165907897 0.7066777976740283 1.6730575762229278 1.4774691358928094 9.26501460955092 8.909510290306448 9.193705114506447]
15,1,1001,0,0,0,1,0,TRUE,10,Normal mean = 0,-0.95,5,100,[4.2580490638072845 1.1828434656117586 4.0232650098116896 3.3617045879078975 3.4266825168250032 1.3188321342359466 1.0341822506973852 1.688925530080996 0.995244799278517 1.2750636263628463]
14,1,1001,0,0,0,1,0,TRUE,10,Normal mean = 0,-0.95,4,100,[3.632541221022266 1.322256733137028 0.3806532191620525 0.42215219518155167 1.7810378495374297 0.00971638018174198 8.663874080653207 8.185888094246796 7.7447798812916595 8.54474801134864]
17,1,1001,0,0,0,1,0,TRUE,10,Normal mean = 0,-0.95,7,100,[3.243068311402759 10.21691462439782 9.730240478020695 2.0995461885888167 1.9648044508351457 2.0404254824787875 2.8668623066801717 2.3631210372168723 2.5254615428110063 2.4951750071801797]
19,1,1001,0,0,0,1,0,TRUE,10,Normal mean = 0,-0.95,9,100,[4.1934678222847035 4.465087904770903 4.764014081749718 4.435994756467558 4.672191649463992 4.695035995106436 4.651130329833054 4.522577726627527 5.180273424835282 4.7837850212048165]
18,1,1001,0,0,0,1,0,TRUE,10,Normal mean = 0,-0.95,8,100,[0.9222708953270956 -3.564125520760593 4.805788773440834 -4.333440153555725 -4.506238521013069 -4.173054402020787 -4.858500844320172 -4.391000110976 -4.793002104857918 -4.6914139355752145]
21,1,1001,0,0,0,1,0,TRUE,10,Normal mean = 0,-0.9,1,100,[5.11513058777687 -2.5650110449266887 3.241103076694386 10.920422556733387 1.975878713463015 2.3757456155044574 7.05461429111095 1.565424110013923 7.530970910758338 9.863967721784949]
22,1,1001,0,0,0,1,0,TRUE,10,Normal mean = 0,-0.9,2,100,[0.22706506327185855 6.862291179964468 1.4915134243714283 1.7484210063491363 0.8827517133592335 3.9259886015881564 2.333109736986886 1.1915400489896784 6.339433473279183 6.813573548206629]
20,1,1001,0,0,0,1,0,TRUE,10,Normal mean = 0,-0.95,10,100,[6.241398967771532 5.768909922422951 6.181095481963618 6.427331222001793 5.745208276879171 6.12687473997712 5.8565633600197495 5.872083898354923 5.9865376923036155 6.2885886915228735]
23,1,1001,0,0,0,1,0,TRUE,10,Normal mean = 0,-0.9,3,100,[9.707319882465674 2.277713373876419 2.5701133354129615 9.376861221615952 4.277981491549902 4.409334005384503 3.354876847910972 9.674761246591014 9.21041252128386 10.147918601464015]
16,1,1001,0,0,0,1,0,TRUE,10,Normal mean = 0,-0.95,6,100,[5.4257967296028875 -1.295188029382053 1.4703322398675878 3.0271072256876983 1.7055893760586196 1.390022275455417 1.892537567893343 1.5825809006304807 1.8659176695698665 2.0153767852124758]
24,1,1001,0,0,0,1,0,TRUE,10,Normal mean = 0,-0.9,4,100,[3.224106105776555 9.746793800117207 3.745756044142288 3.035858473120421 0.6478702387109154 1.5016494248111203 -0.5680722280709853 -0.37032353125089756 0.37817687862962435 0.5184633110396292]
28,1,1001,0,0,0,1,0,TRUE,10,Normal mean = 0,-0.9,8,100,[1.1049694432579003 10.729638623845377 6.395506789873214 7.3708118806468015 6.847779964997372 7.913148493733003 7.621206282575783 7.693347669039086 7.4568506918917254 7.615179864142138]
27,1,1001,0,0,0,1,0,TRUE,10,Normal mean = 0,-0.9,7,100,[3.11367913510326 -1.2093533433523815 -0.32255561094791996 3.110143030049955 3.469168345342814 3.9259118945516036 -2.038456146698285 3.8417401595899388 2.6665590011930864 3.4931705638782424]
25,1,1001,0,0,0,1,0,TRUE,10,Normal mean = 0,-0.9,5,100,[1.101500613530439 3.310056433780326 0.19782644557265938 7.329502523766203 8.079725492740389 -0.19836343381490368 -1.335214812206661 1.0373919959709816 1.5495227793646802 0.33204787391391904]
26,1,1001,0,0,0,1,0,TRUE,10,Normal mean = 0,-0.9,6,100,[4.2218711827411814 7.407376776260225 3.5917499371462807 1.980887825797789 1.1208301860223804 -1.315645371008626 2.2649943676175748 2.3804831558671498 -1.123431284464128 1.3641457365673058]
30,1,1001,0,0,0,1,0,TRUE,10,Normal mean = 0,-0.9,10,100,[1.660837090083525 1.5717359924658478 1.4151141658410098 2.430660556144763 2.2825268049286667 2.1601827450937794 1.979853450293461 2.7367003384685797 1.6450488420038754 2.2995375754147798]
29,1,1001,0,0,0,1,0,TRUE,10,Normal mean = 0,-0.9,9,100,[6.1448890722734735 2.215777655324745 -2.157455875579242 -2.104433105863944 2.560372498073249 -1.3842200867321255 -2.133640802547525 -1.3456923734689141 -2.1092476922017878 -2.2774230580213937]
31,1,1001,0,0,0,1,0,TRUE,10,Normal mean = 0,-0.85,1,100,[1.3256793492211698 1.7825663051622123 4.374579027064943 10.654281788507483 4.441176446129087 9.048014183438847 -0.29726803491050774 9.865626719241641 -0.501006805139217 4.470764008355581]
32,1,1001,0,0,0,1,0,TRUE,10,Normal mean = 0,-0.85,2,100,[2.570191089442674 7.803761775230502 3.2623707994863658 6.288271364284011 5.780000798962012 10.002772424006057 13.680802044448631 8.58219198401698 5.138375291283424 4.676949066195674]
33,1,1001,0,0,0,1,0,TRUE,10,Normal mean = 0,-0.85,3,100,[9.185776107310648 4.3846123325544095 5.4391304166052095 0.8999289396852914 -0.3418206161536992 3.0636251874257856 4.983692163871593 2.0488081109510135 -0.07731955303027489 1.6296217372093131]
34,1,1001,0,0,0,1,0,TRUE,10,Normal mean = 0,-0.85,4,100,[6.424208671657182 7.474244619049772 5.181885747257955 1.9296952775665055 7.17232052667795 -1.665424281123662 1.2849961848847253 0.6881037232119114 -0.7048453787654336 0.5173421746670397]
36,1,1001,0,0,0,1,0,TRUE,10,Normal mean = 0,-0.85,6,100,[3.904679513153458 8.028048485372421 5.315941846765764 9.818550181437871 2.1479519085707315 1.7593541315100552 1.31009033132384 1.1726621801954304 0.3323392816798252 1.709128962190669]
35,1,1001,0,0,0,1,0,TRUE,10,Normal mean = 0,-0.85,5,100,[6.632256195215032 2.5978760714681814 2.268181175635713 6.820123221493788 2.6127379687405186 3.2809524163014965 3.297213438108427 1.9528653094189643 4.791750327128785 2.6509402204523123]
37,1,1001,0,0,0,1,0,TRUE,10,Normal mean = 0,-0.85,7,100,[4.8205169407316335 2.7957320958835 16.208175601497445 5.157601269515517 3.9979078864855246 6.881393961288377 5.050225747123029 4.484936045312519 5.285498318975261 7.018291292759904]
38,1,1001,0,0,0,1,0,TRUE,10,Normal mean = 0,-0.85,8,100,[0.9188131273735008 7.630041446609991 5.3679969154371285 5.803871977291092 4.037457588292559 4.588943804773326 6.240207332948296 3.0726025976300253 5.324657787949284 5.803113438831117]
39,1,1001,0,0,0,1,0,TRUE,10,Normal mean = 0,-0.85,9,100,[5.158118019018304 2.4513307825688724 -0.9448073828412851 1.548114897417251 1.4857844158737479 -0.38770709313662083 0.9328288396111424 1.5194910552715537 0.43285061168857797 1.4211538330152074]
40,1,1001,0,0,0,1,0,TRUE,10,Normal mean = 0,-0.85,10,100,[6.113638002643545 7.234463942227949 5.149732267205894 6.683673196276993 6.495928499769028 7.156901052433095 6.323635526538207 6.3241499923621065 7.340796688400236 7.577344218804213]
41,1,1001,0,0,0,1,0,TRUE,10,Normal mean = 0,-0.8,1,100,[2.439785647588212 7.84536129727137 0.7946223266794495 1.950760838828803 8.04324496246799 2.8307160034768577 1.9426921537895283 0.20601249761053653 2.1758821241109345 8.420062939511274]
42,1,1001,0,0,0,1,0,TRUE,10,Normal mean = 0,-0.8,2,100,[-1.2890005503364674 5.62946096846388 12.144885938002947 2.5302254432783005 -0.23341937719901723 2.374352839346115 10.967750320671591 1.1368538830879895 4.916938011591538 7.473561424812125]
46,1,1001,0,0,0,1,0,TRUE,10,Normal mean = 0,-0.8,6,100,[4.687228648367268 0.16610561236197408 11.731284067912858 9.125738384290566 -0.24763122191492443 -0.10143897910288878 -0.09151603797053293 1.5863798478821045 -0.269365816603055 -0.3939851793786718]
44,1,1001,0,0,0,1,0,TRUE,10,Normal mean = 0,-0.8,4,100,[5.094550364508423 3.0379223645578937 9.822652390462991 1.8039644079660997 4.731472665453799 2.4956435215944563 9.03341470851027 7.786218554176282 10.035354501680505 11.723980678319782]
43,1,1001,0,0,0,1,0,TRUE,10,Normal mean = 0,-0.8,3,100,[2.322416244048565 1.830048292497776 4.444234107518826 7.647748558528742 1.3971733558396497 7.983306022613803 -1.324899318276256 -0.04759416745955253 1.912265317333998 0.9289495306075086]
45,1,1001,0,0,0,1,0,TRUE,10,Normal mean = 0,-0.8,5,100,[12.144317376470143 8.153517494474688 14.454624243005297 3.708909016799293 6.391015511824861 6.221898801081319 3.582572620115693 4.104616055296883 3.396007844797294 4.878712334946356]
47,1,1001,0,0,0,1,0,TRUE,10,Normal mean = 0,-0.8,7,100,[-1.479259816761308 6.393958551705222 6.101578200076245 6.865792953152082 5.664396699099875 6.898935006752216 8.661312089913885 7.748014698191517 8.29729939785372 8.029497972647334]
48,1,1001,0,0,0,1,0,TRUE,10,Normal mean = 0,-0.8,8,100,[-2.1758710926056106 2.1924764659676006 2.7083646010347406 3.5632431837295466 3.604273702626321 4.3797457117265575 5.148600103835851 3.0497657451702516 4.8993555143650225 5.379221602469297]
49,1,1001,0,0,0,1,0,TRUE,10,Normal mean = 0,-0.8,9,100,[6.518819026614031 7.067657608354264 8.416083938066699 5.844387214025327 7.219062277637942 10.23702402308325 6.99922080849733 9.154755038801786 9.803061293784173 9.567628928848176]
50,1,1001,0,0,0,1,0,TRUE,10,Normal mean = 0,-0.8,10,100,[5.20571886149416 4.83956999511873 6.954577700597301 5.134405937095157 4.682655673264017 5.107520649465826 6.700109899241001 8.717133434943872 7.089694474373148 7.957919714623147]
53,1,1001,0,0,0,1,0,TRUE,10,Normal mean = 0,-0.75,3,100,[0.9793669146453405 7.7831064070451506 1.5638669744450862 2.0387608883931523 4.882745367827504 3.7549394073216513 4.1933003027787805 6.118638047971992 5.780082736140373 7.403906432876773]
51,1,1001,0,0,0,1,0,TRUE,10,Normal mean = 0,-0.75,1,100,[5.446683455305015 1.6038753726640826 17.052325421671785 -0.35222954071988355 4.43907734490854 2.6043328109060093 8.977721596066084 5.756968034427856 1.6158356760476869 2.6533883780447653]
54,1,1001,0,0,0,1,0,TRUE,10,Normal mean = 0,-0.75,4,100,[3.4154517476684774 7.365567520115701 0.06599942337899076 3.9535574180151687 6.401229873646407 1.1432494358603136 0.5751391856535426 -1.8021111055648653 0.7878601301422643 -4.325794521849768]
52,1,1001,0,0,0,1,0,TRUE,10,Normal mean = 0,-0.75,2,100,[2.665073730720046 -0.3140039349543337 7.302210130272911 -2.5468808011194763 9.655428186543013 1.2361482157471373 5.10525396511472 2.3373614565879444 0.9679293808648859 0.961978439778821]
55,1,1001,0,0,0,1,0,TRUE,10,Normal mean = 0,-0.75,5,100,[9.200688451770219 5.120980078837201 3.5345312648002896 4.796836899620277 4.2900174904747335 3.2123597434979216 3.9856115817457827 0.4215679322638547 3.5510657649194344 2.21226388006739]
57,1,1001,0,0,0,1,0,TRUE,10,Normal mean = 0,-0.75,7,100,[4.600909367403186 10.109756566034092 7.1655128378160935 -1.0841764284788646 2.9289285193469223 -1.235766195291205 3.029334180680009 1.7234118422935274 3.104755155956855 2.647470786788292]
56,1,1001,0,0,0,1,0,TRUE,10,Normal mean = 0,-0.75,6,100,[6.2532430091525795 2.1963660832062577 14.204629022094327 9.444845764061526 0.8460305344064742 0.9675811493866603 4.175782073443796 0.08709940845193087 0.999087820625518 1.5635806969280688]
58,1,1001,0,0,0,1,0,TRUE,10,Normal mean = 0,-0.75,8,100,[6.507030034646978 3.2634679617201785 4.525342263793792 4.427664493296825 3.336948504597364 5.297459177790931 5.630410445391394 4.976262603135603 6.495741486250511 7.197809850907514]
60,1,1001,0,0,0,1,0,TRUE,10,Normal mean = 0,-0.75,10,100,[3.396706457687847 -3.4448071951466632 4.003367564671083 3.377731766412151 3.6622755027863736 -1.1663116756276601 -3.4978693880442635 -2.6848612936901435 -2.03735089352305 -3.450540750032962]
59,1,1001,0,0,0,1,0,TRUE,10,Normal mean = 0,-0.75,9,100,[7.122826475574632 2.032722939677421 0.8798924444713311 2.500868990416418 2.955074773556532 -0.38231731545338354 2.196495437392796 0.9033372076173001 0.7901064268667144 1.627494949998749]
61,1,1001,0,0,0,1,0,TRUE,10,Normal mean = 0,-0.7,1,100,[2.7328949409559513 3.7598926463447726 5.963864765032169 16.71368379863407 1.1839735385322099 4.706399953659532 1.0264898855496116 9.374755802097809 5.653893107707547 -0.4633412911883609]
62,1,1001,0,0,0,1,0,TRUE,10,Normal mean = 0,-0.7,2,100,[7.122461124323382 8.909311107087666 3.382389403707648 11.588562241551427 0.7976620279020468 0.08033640277713615 9.918194333539857 4.642282916766906 3.652020960024208 5.609175760763954]
64,1,1001,0,0,0,1,0,TRUE,10,Normal mean = 0,-0.7,4,100,[7.06807553325651 -0.014592450146495267 5.157056973041822 0.8292439384611238 2.9952330572493393 2.8145320871794834 5.758006666659509 0.12258649483435316 1.0980689817739961 -2.4708744404694007]
65,1,1001,0,0,0,1,0,TRUE,10,Normal mean = 0,-0.7,5,100,[8.722028532485876 15.228737025624158 -0.32278356896594357 3.6565053096841362 2.4119032800709874 8.161746150068387 5.5890886348549085 6.131476503868346 9.952457154980701 10.089839604035543]
66,1,1001,0,0,0,1,0,TRUE,10,Normal mean = 0,-0.7,6,100,[7.015009636204976 5.6562201991493835 11.316028947480559 0.5895149564581584 10.012549142866506 7.71338456190622 5.281219973910117 3.2292982355563673 7.258060005065253 9.351514590927424]
63,1,1001,0,0,0,1,0,TRUE,10,Normal mean = 0,-0.7,3,100,[1.18832593076751 3.000342479553908 2.8983070536035127 1.4458898181179096 9.862285024883017 7.70125120202522 10.162079782081479 0.11620662007538564 3.929929443561932 3.8716323802175747]
67,1,1001,0,0,0,1,0,TRUE,10,Normal mean = 0,-0.7,7,100,[10.147993327859533 7.3043867842390835 3.2852480504791783 -0.2627032012410728 1.4548219622540715 2.1059017061186713 2.3372037038314852 1.6399807686319414 0.7326526831347798 1.1696720428459222]
68,1,1001,0,0,0,1,0,TRUE,10,Normal mean = 0,-0.7,8,100,[5.83179236199383 5.523575143292161 0.793329911989402 1.1620117204690563 0.029990038267604116 -0.5065700216108247 -1.4470372492841208 1.2594225338243452 0.3801793151432399 2.2122744304977555]
69,1,1001,0,0,0,1,0,TRUE,10,Normal mean = 0,-0.7,9,100,[-0.4108130409732288 -0.42230739666988026 3.921679908960775 1.1680813987190866 1.4557659349910124 4.826608304745016 6.194559440072488 1.901417151326179 -0.4002972458613058 3.3436567908515284]
70,1,1001,0,0,0,1,0,TRUE,10,Normal mean = 0,-0.7,10,100,[2.4400398998314112 -2.722655244334398 0.5621084704503397 -0.3709888794163605 1.7653551411082586 2.9527131680164858 -0.0025185458006991845 3.2622650860638758 1.5712473203269912 0.4375903809872414]
71,1,1001,0,0,0,1,0,TRUE,10,Normal mean = 0,-0.65,1,100,[9.801319268647308 10.424751629585389 6.453221503791653 3.5159687544742138 12.360023337633613 8.249832147567247 -2.0232786592237906 5.030115514819246 4.381080240406661 7.060822908937047]
72,1,1001,0,0,0,1,0,TRUE,10,Normal mean = 0,-0.65,2,100,[10.820050362940556 2.6736907054037515 8.183302129926929 3.8401736547987246 6.095644973070531 4.532069575983456 0.7849770983510498 4.810481993488818 3.125986009927264 2.554751168272351]
73,1,1001,0,0,0,1,0,TRUE,10,Normal mean = 0,-0.65,3,100,[4.296865050545905 2.557022186834629 4.717942904734424 8.271096023548706 5.810282305387052 0.16360861509001978 14.617872213127606 0.6503309311353274 4.44709664642471 1.6333336845764679]
75,1,1001,0,0,0,1,0,TRUE,10,Normal mean = 0,-0.65,5,100,[-1.5070254113048205 8.68939623162871 3.340875982087509 2.7418768867276144 1.7523350254411216 9.313021154424385 5.370172606937528 3.4694605369014933 4.547453248110765 4.6924607263122695]
77,1,1001,0,0,0,1,0,TRUE,10,Normal mean = 0,-0.65,7,100,[3.256281299985667 -0.03494210771291556 4.8217467232603894 5.364095543362596 3.763018464578669 4.733383419313352 4.60542679811721 4.890057035989976 6.722055462257685 9.501744197461315]
76,1,1001,0,0,0,1,0,TRUE,10,Normal mean = 0,-0.65,6,100,[3.483220271953858 3.22379715593452 -2.453240547225161 6.893796066011344 14.438194806101235 8.22117415200511 9.260275849596388 11.23162801056751 10.750530661203376 17.018545182748333]
78,1,1001,0,0,0,1,0,TRUE,10,Normal mean = 0,-0.65,8,100,[-0.0678493934701078 11.034722267606563 2.779466721890696 -0.05304189898792776 2.353851011589322 -3.4481950617873207 4.161833896585461 8.286522911478395 2.4310859592911886 4.191238789540644]
74,1,1001,0,0,0,1,0,TRUE,10,Normal mean = 0,-0.65,4,100,[3.161709374386488 0.33464510021777577 7.596428989359992 11.975620900562715 9.40784096973494 9.107072552679888 10.357473468063745 6.050787477187273 6.517181645108962 12.882977407703748]
79,1,1001,0,0,0,1,0,TRUE,10,Normal mean = 0,-0.65,9,100,[-1.369514610059464 4.737259537900498 8.04850463874957 7.234558707817631 11.213545168304258 5.083790868133387 7.8774587066499535 10.018776320746383 9.26869236330128 12.451102878621604]
80,1,1001,0,0,0,1,0,TRUE,10,Normal mean = 0,-0.65,10,100,[1.381174689918827 3.289090519409574 1.8113868951686833 1.7782843596925249 4.743473116595787 0.04501672135319858 2.7297009985703617 2.3160201412254997 1.95575236535398 2.6769826573285354]
81,1,1001,0,0,0,1,0,TRUE,10,Normal mean = 0,-0.6,1,100,[9.073471325511342 -1.5602151451352881 11.724065243269878 3.1272902928483157 4.312594957717259 2.02555173965003 1.3108830458425458 4.8464370415260545 7.307437894837895 5.994658244444243]
82,1,1001,0,0,0,1,0,TRUE,10,Normal mean = 0,-0.6,2,100,[0.8319403559552051 4.785620318392028 8.064961126428766 -1.3129980581909517 2.9245652898178367 8.30939140128479 5.596983731945816 2.829248740746659 0.06282712773307464 3.469190432361775]
83,1,1001,0,0,0,1,0,TRUE,10,Normal mean = 0,-0.6,3,100,[2.5155784977366107 3.144239633857689 9.499541185023382 14.176396959065743 -1.4767381944667044 3.1866575531061736 6.686051880538284 8.11649166715667 5.373310401928563 12.34158877650837]
84,1,1001,0,0,0,1,0,TRUE,10,Normal mean = 0,-0.6,4,100,[5.464809997100292 10.2811173207352 1.8327908152351808 -1.0052797691738018 6.412575685118083 3.7667987313298417 2.252537227448708 4.69025874379808 1.5272766604289494 2.0270620761218927]
85,1,1001,0,0,0,1,0,TRUE,10,Normal mean = 0,-0.6,5,100,[6.8749467140929195 2.165607985554656 12.973564860760318 7.427134529636569 0.5712496576308301 2.6312635692496724 5.812867062180401 5.392288006981215 3.540893752754453 6.170535338845537]
86,1,1001,0,0,0,1,0,TRUE,10,Normal mean = 0,-0.6,6,100,[-3.336917347203145 2.35881284351454 2.94400911887628 6.198986228100869 3.864666882504676 3.7991204122477438 2.7117845674356875 1.7780288745723964 2.4609115809718713 -0.8729696198302944]
89,1,1001,0,0,0,1,0,TRUE,10,Normal mean = 0,-0.6,9,100,[2.5335114842826267 3.042487831182124 4.734989964929913 6.641621050327284E-4 3.558360411953758 2.6194584291219427 0.6712466003728734 3.597415035399123 1.4849792157136708 2.657491767964837]
88,1,1001,0,0,0,1,0,TRUE,10,Normal mean = 0,-0.6,8,100,[-0.1483623135617124 5.371498414179124 5.779305815108517 6.80472672886148 2.342879177098483 2.77366555425195 3.9123461492631857 -0.7766846488266229 2.3900404326011992 6.419848462348091]
87,1,1001,0,0,0,1,0,TRUE,10,Normal mean = 0,-0.6,7,100,[3.564652558547088 0.7689779182583383 6.911387226723508 3.325968918338898 5.366274735574753 4.791028822104354 2.1633925078794873 -0.08068233937604669 3.2657363775943904 8.44641188850743]
90,1,1001,0,0,0,1,0,TRUE,10,Normal mean = 0,-0.6,10,100,[1.3950753866041228 3.6867816916115212 -0.07793750396288543 -0.9684187562297206 2.114908122015041 1.5191308312711846 8.818166183915002 1.829646898969929 3.7272177578665078 1.8763212260231914]
91,1,1001,0,0,0,1,0,TRUE,10,Normal mean = 0,-0.55,1,100,[2.721888276219488 3.652801744305389 11.942615820855474 4.103796314929241 3.541035123271979 2.5095929768160943 2.683972243599368 4.079203839992024 7.785262717407546 -0.5008710576284428]
92,1,1001,0,0,0,1,0,TRUE,10,Normal mean = 0,-0.55,2,100,[3.4217421602288036 6.43911461892362 11.246285259463832 1.0577036591581515 6.243129824800783 7.286638887022423 5.595030784930046 0.7938842560450423 0.396535546026083 1.922008942408305]
93,1,1001,0,0,0,1,0,TRUE,10,Normal mean = 0,-0.55,3,100,[1.9292613543897716 1.335768881508275 15.37444171156469 -1.76744434801297 5.080500078834145 1.1211282005209218 1.7624330167068953 0.6536688099843853 4.665828911079051 5.8297651044274925]
94,1,1001,0,0,0,1,0,TRUE,10,Normal mean = 0,-0.55,4,100,[4.12533768487409 2.458049320401827 1.601756693281291 3.790535718927177 1.2260334300484128 4.236184917172744 1.5405044474669043 7.729357150137257 5.446536669333644 4.004221185777539]
95,1,1001,0,0,0,1,0,TRUE,10,Normal mean = 0,-0.55,5,100,[2.9831364823758504 7.0295441428075405 12.68308568629175 7.693011484485748 0.31450199729339545 2.313825764016559 3.6788195184009305 4.363099036521432 1.9703120258964586 5.468654014159378]
97,1,1001,0,0,0,1,0,TRUE,10,Normal mean = 0,-0.55,7,100,[2.6481246918212937 2.828291801661602 3.9010465476985683 0.5679897448435176 6.550773279984757 -0.13662438145976258 2.8097670852711314 1.8086494544534522 -0.8534769206171334 -0.9101034991608992]
96,1,1001,0,0,0,1,0,TRUE,10,Normal mean = 0,-0.55,6,100,[5.59522921026693 4.509201234574864 4.274695040191533 8.632963205417516 4.49027373178303 5.351856712197664 -0.12582193408475517 0.33655969902041155 -0.2776985503967685 3.7156915774417083]
98,1,1001,0,0,0,1,0,TRUE,10,Normal mean = 0,-0.55,8,100,[-0.5383995732263752 6.005213760920082 6.621369148316282 3.595869729131568 4.407116981447263 8.575633814617627 -0.3941963338423855 5.358002886359371 2.7917586136426267 4.608482950901425]
100,1,1001,0,0,0,1,0,TRUE,10,Normal mean = 0,-0.55,10,100,[7.526609731463026 7.270010985147611 7.462269582200342 7.397036883587555 10.85103007397288 4.609725153867462 5.975159264057114 7.733960377408439 5.458232271604138 10.103823934476189]
99,1,1001,0,0,0,1,0,TRUE,10,Normal mean = 0,-0.55,9,100,[4.201218502122964 1.3363038909972496 8.435992409454812 5.236523732385796 3.5189631397521612 4.031536769238117 3.2955655380795292 9.406889180172879 5.008828182959049 7.002052274530511]
101,1,1001,0,0,0,1,0,TRUE,10,Normal mean = 0,-0.5,1,100,[3.6423927195594707 5.972649473777724 0.8383411187142226 10.036074241034008 3.0618692378967034 5.925464457872677 1.673510232098803 11.40735798180271 2.6975944944700223 6.229049833631138]
102,1,1001,0,0,0,1,0,TRUE,10,Normal mean = 0,-0.5,2,100,[7.033052270480904 11.012034497759693 12.403809980459108 10.543741570259657 6.712625741118744 3.2834065210399936 6.087407823384011 1.0580553988682182 3.581705552063485 6.583067169847572]
104,1,1001,0,0,0,1,0,TRUE,10,Normal mean = 0,-0.5,4,100,[3.291194267660805 4.148662764324877 0.14520768429715 3.6425312937538505 6.5844981385139745 -1.3718573307909168 1.4202628467903746 1.8253912069133913 5.853042133700455 2.3572990607163993]
103,1,1001,0,0,0,1,0,TRUE,10,Normal mean = 0,-0.5,3,100,[15.692986879305462 7.727685425204994 -0.3823438139684714 3.6233890278190723 2.7468851706514954 6.7480251868408345 3.847860379729089 3.702116535351303 4.662966536428608 9.354098756889725]
105,1,1001,0,0,0,1,0,TRUE,10,Normal mean = 0,-0.5,5,100,[-0.14681002467720236 4.9584405548362005 2.526543011387055 2.228899660940102 1.0599414262360163 2.436159387024899 2.7854825364475815 3.5576504551552897 0.8172250224121117 2.478461300707093]
106,1,1001,0,0,0,1,0,TRUE,10,Normal mean = 0,-0.5,6,100,[4.522985495075701 7.268159616351623 5.271076323394806 -1.6793188364701876 4.423011995908051 4.658270292601097 1.620401719624615 3.9971011208991003 7.407258124039271 11.323618383854036]
108,1,1001,0,0,0,1,0,TRUE,10,Normal mean = 0,-0.5,8,100,[4.461611225315209 -1.5352900874669286 0.8997957480578402 3.5737700193317306 -0.33216371399741346 4.853495924563318 5.1088262426180195 0.18073179701071423 1.9104723468824696 2.2429415884207824]
107,1,1001,0,0,0,1,0,TRUE,10,Normal mean = 0,-0.5,7,100,[2.0416570218208654 9.76944925695173 5.390916773703227 7.273687462368575 0.44908052705264334 3.5856986717860484 1.5073629723304391 3.386425496236086 4.607825219184888 4.920768825919942]
109,1,1001,0,0,0,1,0,TRUE,10,Normal mean = 0,-0.5,9,100,[14.275572787051935 3.4186976282037893 1.6663951410034643 1.221590502846023 3.519447752064478 8.989841522818963 6.715550561431673 1.8706208910751116 8.166147212817316 7.374428296080547]
111,1,1001,0,0,0,1,0,TRUE,10,Normal mean = 0,-0.45,1,100,[7.129797725828115 -0.9599534112328221 -0.4857009081873845 5.421452754741752 6.032900961154672 2.821793159264134 2.4018625795824144 8.815892628555055 1.4161631466480373 4.166829396830616]
112,1,1001,0,0,0,1,0,TRUE,10,Normal mean = 0,-0.45,2,100,[0.21731541032821353 -0.18138834406207555 2.4087127781816156 18.414831665189478 2.268673473613993 -2.94431960876151 4.566104985345763 2.6311013383584556 -2.1068918469664832 4.504852593083344]
113,1,1001,0,0,0,1,0,TRUE,10,Normal mean = 0,-0.45,3,100,[4.1408657148426435 3.4559940220800134 4.258088069768588 3.2646988165868915 5.555878775789255 1.7720893767978163 2.5744149281931312 1.9923168785517007 7.9798775666672945 2.152697284643874]
114,1,1001,0,0,0,1,0,TRUE,10,Normal mean = 0,-0.45,4,100,[7.743022956477943 3.865630688892355 5.038938465336309 8.53105892307118 6.9118001450356275 -2.6916900285427356 4.5461171981994655 1.4881262667033592 8.095105655332315 3.4891666586611185]
110,1,1001,0,0,0,1,0,TRUE,10,Normal mean = 0,-0.5,10,100,[3.019046339700452 7.108043773582487 3.1166978483879406 2.1328318578439704 2.496822701993194 2.721708331164938 -1.306312528241209 3.311969358769381 3.756087703331036 3.2403490922320892]
115,1,1001,0,0,0,1,0,TRUE,10,Normal mean = 0,-0.45,5,100,[9.594195417953442 0.7029260997869062 8.39050570811478 7.699363640205999 2.4848047489384375 2.6247791862329355 9.179499635867053 2.7196157871390327 1.7720286358229296 6.290648572979749]
116,1,1001,0,0,0,1,0,TRUE,10,Normal mean = 0,-0.45,6,100,[2.285421371573848 7.9573752258936645 0.7059170953326924 7.939224108374254 4.288425303909147 1.9375699160537274 4.189523570297193 0.9319713453743533 2.7253678416951423 3.4916964623270945]
117,1,1001,0,0,0,1,0,TRUE,10,Normal mean = 0,-0.45,7,100,[1.8207039486584264 15.102714354999602 5.669689132260116 6.694852903481765 3.858720317535633 3.4169204219217146 -1.080398653676749 4.876400475842239 2.5376347481910333 7.325477484577847]
118,1,1001,0,0,0,1,0,TRUE,10,Normal mean = 0,-0.45,8,100,[6.058153355293716 6.684678363710454 -1.3235069110039368 -1.4680376520841252 7.6484676186066896 1.738409645631849 4.5802811553707805 9.539884949866408 0.5784753464531645 6.887578185479715]
119,1,1001,0,0,0,1,0,TRUE,10,Normal mean = 0,-0.45,9,100,[2.693971403929058 3.6976835963592163 4.430358283121016 -0.6812427255269268 6.083692922868305 5.149120530445176 -0.6126789468770092 1.9282259742193544 7.237252644211998 4.518903101899479]
120,1,1001,0,0,0,1,0,TRUE,10,Normal mean = 0,-0.45,10,100,[1.1418105929991347 3.967755836270057 7.534724273795929 -0.4510398499616409 6.381270595765143 0.3562038371384625 3.1861539574436804 2.7690687157497162 6.484610792282908 4.346317222161984]
121,1,1001,0,0,0,1,0,TRUE,10,Normal mean = 0,-0.4,1,100,[2.064724608046598 15.52829994543839 1.5779036452644497 2.4477374675234107 8.129772224468729 1.2181277610652375 4.047080656155121 9.726568173941821 3.3860313533914144 1.8524402772716433]
124,1,1001,0,0,0,1,0,TRUE,10,Normal mean = 0,-0.4,4,100,[6.66939426127133 2.646311357712529 3.8891941742289724 3.454008552036735 6.011988097054418 8.314616665372053 3.135316533781924 0.9213856744993116 3.4441528335830482 4.316590640809929]
123,1,1001,0,0,0,1,0,TRUE,10,Normal mean = 0,-0.4,3,100,[7.0991970765079175 2.913193508647172 10.086105287651382 3.8737289059007542 13.09633121789605 3.424663533104775 5.189839762202542 2.8287307378549746 4.427744607048297 5.375739823044154]
125,1,1001,0,0,0,1,0,TRUE,10,Normal mean = 0,-0.4,5,100,[6.20287476508672 -3.0046934275277004 3.401695291172662 -1.3106524619086377 8.814153073923322 2.3687356767866 -0.21737623313864285 4.321674378923022 6.913104337598102 5.016485345886108]
122,1,1001,0,0,0,1,0,TRUE,10,Normal mean = 0,-0.4,2,100,[6.134990033617049 5.980063337092944 -2.0547802660264636 5.264627511089486 6.2794737896625294 8.254383642626916 -0.8757407554383305 4.518491764815364 4.507319140616196 3.020402814832139]
126,1,1001,0,0,0,1,0,TRUE,10,Normal mean = 0,-0.4,6,100,[2.5282046358425725 2.994852442006451 0.4073779307937542 2.451007982194586 6.600022253269425 3.862406097643505 4.793948609460521 1.8120121088138366 2.068033443871694 8.383803697590784]
129,1,1001,0,0,0,1,0,TRUE,10,Normal mean = 0,-0.4,9,100,[1.1788802033456434 3.3081043939689794 2.256489685171149 1.3827484105641183 3.636127459872357 4.92671100390233 4.257732963773915 7.4465967994484705 1.5113504042091046 6.387650055700717]
128,1,1001,0,0,0,1,0,TRUE,10,Normal mean = 0,-0.4,8,100,[4.705384364296001 -0.007237293865333172 8.595232703542925 8.456216835071793 3.491215563768957 7.721187027815836 -1.187414846526272 1.8478978063132954 4.981595828777981 11.434369844916866]
127,1,1001,0,0,0,1,0,TRUE,10,Normal mean = 0,-0.4,7,100,[7.838579461852546 -0.31434457557720336 0.5355372478470634 0.2908020317364842 1.3264823223039466 2.2442134941135206 5.617042595799881 3.8388562223249925 0.5321265277608263 1.6770338408605907]
130,1,1001,0,0,0,1,0,TRUE,10,Normal mean = 0,-0.4,10,100,[6.250873343499456 4.747895588712997 -2.5712815884311166 0.19152255339990415 10.418834429479748 -1.0264235331906468 1.5901548328263093 0.5826508701170889 2.899401823204925 5.961064626614128]
131,1,1001,0,0,0,1,0,TRUE,10,Normal mean = 0,-0.35,1,100,[4.173401262939471 2.7295293774458744 3.719893856789815 1.8129670197810273 6.693914570729608 4.503632740040467 2.7311802183025007 14.417082975015415 0.5932677216971336 3.435626949874299]
132,1,1001,0,0,0,1,0,TRUE,10,Normal mean = 0,-0.35,2,100,[9.194379584398899 4.859387280485903 1.0407758853684554 4.606003930178727 -0.964054127701459 2.735705027055435 7.0103981960646395 2.346422441119469 1.056550515494049 10.763263585417576]
133,1,1001,0,0,0,1,0,TRUE,10,Normal mean = 0,-0.35,3,100,[8.156461249450134 6.38035416736945 6.564412812954726 3.1266446624137174 10.062866056481727 6.136551411345738 5.015377839802386 5.027112464410885 4.822069571782245 0.1968197543857556]
134,1,1001,0,0,0,1,0,TRUE,10,Normal mean = 0,-0.35,4,100,[3.3964747766671395 18.19826484023522 6.504317791789969 2.304797400679691 -1.7818536592552081 4.3378411123722795 7.219788686433602 5.6124745420525235 -0.5999690774674711 1.4040011346967485]
135,1,1001,0,0,0,1,0,TRUE,10,Normal mean = 0,-0.35,5,100,[10.686044046080832 6.411683991745228 1.7994428046174136 5.819708915421497 2.5120175106818805 0.2442347269576118 5.001776164415844 9.133885316561585 6.219536546692149 12.183057998777935]
136,1,1001,0,0,0,1,0,TRUE,10,Normal mean = 0,-0.35,6,100,[12.13944338767541 8.614614730184758 3.157687493495492 4.424834319505327 4.11803466505999 6.700513311743645 8.653407075028001 3.382059499730085 1.7409034856354368 6.168129457925561]
137,1,1001,0,0,0,1,0,TRUE,10,Normal mean = 0,-0.35,7,100,[9.992064676823839 6.860528829991746 13.757068024035384 4.028701481702598 6.919821443174893 1.1420943922847295 2.539193688918252 1.0886228582467379 5.302821327925714 6.4827687557739155]
138,1,1001,0,0,0,1,0,TRUE,10,Normal mean = 0,-0.35,8,100,[8.446012659834494 0.2598017607277325 3.445342693607506 3.163087472950572 2.7404731076880116 4.9424849862217055 0.45239900619223833 7.927924580240297 -1.207357952327527 5.308060226160435]
139,1,1001,0,0,0,1,0,TRUE,10,Normal mean = 0,-0.35,9,100,[5.316716328810152 0.7085307617191117 3.442177974977204 2.286667776535311 2.2106216921823623 2.7428836470716256 1.9254541058723915 7.142954242588154 1.3980735379337395 2.1355099454021724]
140,1,1001,0,0,0,1,0,TRUE,10,Normal mean = 0,-0.35,10,100,[1.297666867311076 -0.16272743197577483 7.3470586207914925 -0.682838799442159 4.603107251122449 3.984579462240809 3.712434723935093 6.182148740119893 0.714542249719948 10.559209615835135]
141,1,1001,0,0,0,1,0,TRUE,10,Normal mean = 0,-0.3,1,100,[5.893540017602254 9.863668796217166 2.9244022814032133 7.88728054102258 15.009178350518448 3.14701939872093 6.9206620025550025 8.7097220795689 9.314293630446848 4.789414566437871]
142,1,1001,0,0,0,1,0,TRUE,10,Normal mean = 0,-0.3,2,100,[4.553313767565234 6.74663836159316 6.944638881992673 4.833667457716896 5.481170919016307 4.406298456092877 1.815548453245354 5.130619795853046 1.7751989881845884 9.978458903461464]
143,1,1001,0,0,0,1,0,TRUE,10,Normal mean = 0,-0.3,3,100,[13.373804202043422 0.763760588494515 -1.2718972027637987 -1.0813149648722018 3.4234095938253044 9.816125797631885 5.732557959531612 6.082978254761786 6.098800806790611 9.736090261673352]
145,1,1001,0,0,0,1,0,TRUE,10,Normal mean = 0,-0.3,5,100,[1.7504770544268728 0.31961199371792326 4.180050990100879 14.261341319275775 -1.4969865901594748 -0.6982429354500421 10.217966695252974 -0.060389979024126725 1.2098509915013744 1.5695066465381848]
144,1,1001,0,0,0,1,0,TRUE,10,Normal mean = 0,-0.3,4,100,[-0.7501023487745199 -0.17850244686506866 3.43334130899749 12.679567164191628 0.0904143448444067 14.21437389164835 1.1385174862084626 -0.2591106388071765 1.698559295386659 -0.794599929740398]
146,1,1001,0,0,0,1,0,TRUE,10,Normal mean = 0,-0.3,6,100,[3.861465194249121 1.6993667967753308 1.8541919936769076 3.3358570768032134 2.4606339759416413 0.49736310153770874 2.7357929981947566 -0.5126832460800151 2.9113088765432815 8.538402333239048]
147,1,1001,0,0,0,1,0,TRUE,10,Normal mean = 0,-0.3,7,100,[6.887215380918233 9.434130226510408 7.527463127262221 1.205695382247271 7.029286177724968 2.183150826633363 1.4977800660879739 7.025967582657134 4.051541378227418 12.24362517279019]
148,1,1001,0,0,0,1,0,TRUE,10,Normal mean = 0,-0.3,8,100,[-0.4456274883454788 9.502053160912704 13.8718610462691 1.1847751870321932 4.380543587795376 4.929847609595292 0.16118883568344214 4.076518206687778 3.1222189338000885 -0.3177812340834441]
149,1,1001,0,0,0,1,0,TRUE,10,Normal mean = 0,-0.3,9,100,[10.091086339432541 0.24048198899555934 -0.6162800234716298 4.970442586484265 5.640946795440095 3.0202990439559683 -0.09559180531660849 5.604966554378267 7.619914377607371 6.551215438543363]
150,1,1001,0,0,0,1,0,TRUE,10,Normal mean = 0,-0.3,10,100,[2.87725216899121 -0.5332775488173956 4.700543983473208 1.8574137736929193 2.880051595672651 0.14992597485348796 0.946897322477992 1.4551544569281696 7.2483064931504 2.24119461346482]
152,1,1001,0,0,0,1,0,TRUE,10,Normal mean = 0,-0.25,2,100,[9.271049128810292 7.119821662130916 2.749840309395223 0.6311863594610514 3.5261477752045574 6.476285851186978 3.5699530773525225 0.31370135542911837 1.774257235324185 0.29609254256659734]
151,1,1001,0,0,0,1,0,TRUE,10,Normal mean = 0,-0.25,1,100,[0.7960591012781162 7.885038629219102 -1.4394010884491026 3.4292022604397183 5.019704236655814 3.232573503241777 5.854736800291687 8.74682221111221 9.188337920750637 15.564344342519021]
153,1,1001,0,0,0,1,0,TRUE,10,Normal mean = 0,-0.25,3,100,[4.419396804392962 -1.7853606281427903 3.435174703087637 4.984899381100746 4.313547321228104 3.876605221056412 5.2788638992938415 1.9448451075971422 3.561544122507748 2.084181492970515]
154,1,1001,0,0,0,1,0,TRUE,10,Normal mean = 0,-0.25,4,100,[-1.8655421221657074 0.01761612964678816 4.856910377608723 4.878826787078301 3.2152011152238607 7.288831101379142 4.114300313467939 5.873718493780277 11.721327503831608 6.826366618520812]
155,1,1001,0,0,0,1,0,TRUE,10,Normal mean = 0,-0.25,5,100,[7.025566039826871 0.059477897369179605 3.953218894986835 10.70106813178316 2.8498532584009326 2.80705399103902 1.9130423750689647 4.840814729387234 4.953059509669912 15.155079685366998]
156,1,1001,0,0,0,1,0,TRUE,10,Normal mean = 0,-0.25,6,100,[-0.10355026141353155 3.9909147007073456 9.571997693611394 10.156721668514496 0.31313090130816823 3.492256823707006 10.823927843765672 -2.309065207964856 4.19170795230522 1.969451980008223]
158,1,1001,0,0,0,1,0,TRUE,10,Normal mean = 0,-0.25,8,100,[1.8405500202241862 3.8803734698592045 0.4358803512288056 6.659760864168791 2.072685847390326 4.592336045337369 2.497813248726889 0.7082957139675081 5.973248887471474 0.14941473303506442]
161,1,1001,0,0,0,1,0,TRUE,10,Normal mean = 0,-0.2,1,100,[1.0319791633107072 8.99960360327842 0.2333402515859581 5.140686976506267 12.748192020546014 -0.5115307269708967 5.091224240611339 2.8961794732253976 0.722978465695478 4.822735324779495]
160,1,1001,0,0,0,1,0,TRUE,10,Normal mean = 0,-0.25,10,100,[6.686270264946274 11.773576827017433 -0.9265643044615505 1.0383511726416543 15.535196164677458 2.476949730418496 1.8274072332784421 1.3195156196225313 8.253342891119416 9.672666960349234]
157,1,1001,0,0,0,1,0,TRUE,10,Normal mean = 0,-0.25,7,100,[7.549001231392243 10.665567753126142 1.696786359906088 4.635938216355597 0.18829716161493598 12.67969597382518 0.9888259678939743 5.040552120943429 4.485424554137626 5.001042131914311]
159,1,1001,0,0,0,1,0,TRUE,10,Normal mean = 0,-0.25,9,100,[0.6714553365468484 2.9010135080393638 4.610029715634671 4.180508503796505 1.219104393156164 2.024529235788213 4.794894709536969 4.466101300333322 2.343059801291409 1.7284527235649707]
162,1,1001,0,0,0,1,0,TRUE,10,Normal mean = 0,-0.2,2,100,[4.085684989845577 6.338278401198876 1.1572398518667864 7.822063234712006 9.834271466036773 1.861806546490703 4.510787847750475 5.09010273772053 3.988671411805336 -0.005103271111157992]
163,1,1001,0,0,0,1,0,TRUE,10,Normal mean = 0,-0.2,3,100,[0.8276316612353781 4.069478326773411 4.922143455855236 4.506260632675552 6.193860509537191 9.572122788471725 15.648748918627353 11.212683326697428 1.8516910856895126 3.179834110419602]
164,1,1001,0,0,0,1,0,TRUE,10,Normal mean = 0,-0.2,4,100,[10.54911180397874 5.544993857049311 10.639753658679563 2.5699566421831186 11.437254426189595 1.628949685426124 2.941683976311148 8.280409613380414 8.623256754289825 4.3937754825321536]
165,1,1001,0,0,0,1,0,TRUE,10,Normal mean = 0,-0.2,5,100,[3.6703019509066337 0.7850454717704982 10.86371950938744 3.304593548484184 8.925183618287193 1.546536297974317 0.01716933884514984 1.0377594367114846 0.4560190583798686 8.327428102050954]
166,1,1001,0,0,0,1,0,TRUE,10,Normal mean = 0,-0.2,6,100,[2.4882715804761104 1.892993484728311 10.921672901470917 10.606291508293047 1.627292528983364 1.426888017596046 7.993826257819264 2.596966078635973 3.6105931683849293 1.7629348952430937]
169,1,1001,0,0,0,1,0,TRUE,10,Normal mean = 0,-0.2,9,100,[2.026454149900755 1.086927088832564 -0.4421326019528836 4.2598714784941265 9.77132128683176 3.8861543978929642 3.074432865583644 2.868052580985628 9.134592497610646 -0.9573059117498595]
167,1,1001,0,0,0,1,0,TRUE,10,Normal mean = 0,-0.2,7,100,[5.601704945043952 7.988747519438441 -0.650653271190256 1.9094085681435846 5.087708250341871 6.843993982435122 7.295843195018131 9.235160820678571 8.484704695259968 0.006990291363661097]
170,1,1001,0,0,0,1,0,TRUE,10,Normal mean = 0,-0.2,10,100,[7.657090360198062 1.442114015883047 1.2948862696351517 2.6314129309216994 5.014395197432863 2.8372445725244706 1.0491771319018337 12.488316242786897 -0.099667485868842 13.144425914919664]
171,1,1001,0,0,0,1,0,TRUE,10,Normal mean = 0,-0.15,1,100,[2.9929243331347286 6.76831085834311 4.2092346398511 1.6764338157303438 4.124789891909175 0.8161789709535356 -0.40215090564741257 9.419708697559182 6.208570977184875 5.046242872640248]
168,1,1001,0,0,0,1,0,TRUE,10,Normal mean = 0,-0.2,8,100,[4.766387171457962 2.4056331748904474 3.461055526820217 6.994456161623509 1.5910468194525684 2.782133015211257 9.657795352034185 6.765145880859374 -0.9021943809662538 6.217220643865797]
172,1,1001,0,0,0,1,0,TRUE,10,Normal mean = 0,-0.15,2,100,[0.8848263060274085 3.272443610503252 2.061004946364942 -0.16733241526231163 7.607686026311906 1.505359559248569 2.48776720624312 3.112465949127534 6.810388504453799 0.08346572043891967]
173,1,1001,0,0,0,1,0,TRUE,10,Normal mean = 0,-0.15,3,100,[2.0008367852915008 6.337238887534397 11.516681687683178 1.9165885176656192 3.3259850624776126 9.604446440240826 11.039972534859373 2.7164885687603237 5.277184633363182 -1.0089663345840076]
175,1,1001,0,0,0,1,0,TRUE,10,Normal mean = 0,-0.15,5,100,[3.2973814720000054 1.468001128036275 -1.2292176971743858 1.3452882778182347 3.7077900196388907 2.2340143016364555 11.28503196388032 5.224692484125203 1.3608705616024768 2.761933170863478]
174,1,1001,0,0,0,1,0,TRUE,10,Normal mean = 0,-0.15,4,100,[5.20772714817288 6.217584912289664 3.009824086248773 3.779746703403578 2.4833972440219307 3.4541797001532935 4.822977708936984 3.6427752967480487 3.7154946974896386 3.515718971892488]
176,1,1001,0,0,0,1,0,TRUE,10,Normal mean = 0,-0.15,6,100,[6.1220579408701195 8.066217561401437 1.2566499272707086 3.6120654271805526 1.3426771101720518 2.3006434534058533 2.0198008144232684 3.693863017790478 1.0783792465233297 1.126824229325712]
177,1,1001,0,0,0,1,0,TRUE,10,Normal mean = 0,-0.15,7,100,[3.385327260588693 2.1140555736297033 0.5434045026327078 2.3637701106056572 4.630857652051778 0.6720566114192794 1.7892160685599678 2.8781507413430623 2.5153619318616216 11.814250216805345]
178,1,1001,0,0,0,1,0,TRUE,10,Normal mean = 0,-0.15,8,100,[6.573926435402926 10.45798988344884 13.687576747435372 3.990834651220674 2.0564598351259407 2.5516604350831558 4.274687250379469 4.0791568495577915 3.784590559052283 -0.9276113222415336]
180,1,1001,0,0,0,1,0,TRUE,10,Normal mean = 0,-0.15,10,100,[10.281090617654494 9.853117241029272 2.173425626743398 1.1810441786003545 8.099595390014139 7.4783409770116 1.7799632089778568 1.7697771418668564 4.434395580137667 2.513204413084335]
179,1,1001,0,0,0,1,0,TRUE,10,Normal mean = 0,-0.15,9,100,[1.714765805381988 -1.022314494287298 7.292588157333498 2.6555755342683307 6.7916556706170494 4.194192150534098 3.941648106595176 4.327120623757737 3.6598323251833373 5.180257255508253]
181,1,1001,0,0,0,1,0,TRUE,10,Normal mean = 0,-0.1,1,100,[4.566803805346233 8.357029885754585 2.739142606703721 2.939160515306831 9.383912312662137 7.71401990255925 2.9043720855553543 10.226515245955065 1.9954958860432188 7.665971426331597]
183,1,1001,0,0,0,1,0,TRUE,10,Normal mean = 0,-0.1,3,100,[1.2611336502513624 2.7478282337370916 5.600682916508085 6.3096916298739645 0.4235126665623386 4.474029762588893 1.505553630637006 4.5346227199386595 1.5145880703457888 4.482940727278079]
182,1,1001,0,0,0,1,0,TRUE,10,Normal mean = 0,-0.1,2,100,[5.593986626670216 1.9553866999797735 4.438577762090257 5.679649569961139 5.843409810761301 6.393598314075265 8.345793329720879 8.020738980287517 11.227942122087622 3.6229606171964672]
184,1,1001,0,0,0,1,0,TRUE,10,Normal mean = 0,-0.1,4,100,[13.999578083468348 5.267630755250941 5.468712314587471 1.3877713285857107 2.2337242804254425 8.238900746456178 5.185493373337494 7.338894300539308 2.341307507962366 0.185666273041899]
185,1,1001,0,0,0,1,0,TRUE,10,Normal mean = 0,-0.1,5,100,[3.2061343417313797 3.215827685879013 7.277461306398388 4.915409307033852 5.936627268679455 5.907072857623584 2.023673592541099 2.743740587198289 4.202414470132158 2.3209656656409434]
186,1,1001,0,0,0,1,0,TRUE,10,Normal mean = 0,-0.1,6,100,[8.001875661581378 7.024454959000515 0.06055237162027066 5.294078710430718 8.458391094613845 3.785126926829064 1.6437799159296897 -0.11037698007761615 4.791181332795245 10.065411905616118]
187,1,1001,0,0,0,1,0,TRUE,10,Normal mean = 0,-0.1,7,100,[4.381865784168946 6.198328066700473 4.377954808823045 6.497868841615546 8.144021503550388 0.48616815823446735 1.1236743817721664 1.1877803726138532 3.2390680980275612 4.659407916938938]
188,1,1001,0,0,0,1,0,TRUE,10,Normal mean = 0,-0.1,8,100,[7.394902615614359 5.679622689928359 4.805657453732716 7.432327624538344 8.799141399972918 1.9489794959419655 -0.4747216007837078 1.9163722296012453 10.055864957813288 11.079490933087573]
189,1,1001,0,0,0,1,0,TRUE,10,Normal mean = 0,-0.1,9,100,[5.49620927170967 0.43816659110913386 1.7810276001137741 -1.3274897399331125 2.25653980964105 -1.9035848842577812 4.320897598475076 2.5094839207952897 0.6798140717995369 5.490708671950154]
190,1,1001,0,0,0,1,0,TRUE,10,Normal mean = 0,-0.1,10,100,[2.9648817236609264 11.081819567482977 14.663980605153855 1.9408570741763738 8.156640091699247 0.2380818694225473 0.6273468958011854 7.0204828896210545 0.34256211806691955 8.625484631894906]
191,1,1001,0,0,0,1,0,TRUE,10,Normal mean = 0,-0.05,1,100,[4.013511846023724 7.982026532441634 14.12206052908243 8.030787891239324 6.721886517358907 5.034865437363757 1.2334709825292736 -2.600248300013141 8.479358617581928 2.1260019818360543]
192,1,1001,0,0,0,1,0,TRUE,10,Normal mean = 0,-0.05,2,100,[5.626673796350243 5.109954190079044 6.300640131197614 4.555659080378637 9.965639459824773 -1.4469451759024716 16.133445582421036 0.6594981963502898 9.69791616621926 11.399163273282806]
193,1,1001,0,0,0,1,0,TRUE,10,Normal mean = 0,-0.05,3,100,[6.850315687483139 2.2238304013871604 7.445913035259376 1.5854102576755398 5.1674612217716005 9.220831788214083 14.131682003752136 6.301570227909715 -1.524057614824375 3.5036604076092663]
194,1,1001,0,0,0,1,0,TRUE,10,Normal mean = 0,-0.05,4,100,[3.6015361436459967 3.523163586456612 3.3666289502921862 11.849585754649814 7.563391928201874 13.850738047855376 13.891869048700562 3.381270633818115 0.6710737729813289 7.220650775674932]
195,1,1001,0,0,0,1,0,TRUE,10,Normal mean = 0,-0.05,5,100,[2.198126169817629 2.2825994373148273 7.222801092104087 5.12661028736838 -0.04288313280057732 3.5153152796162717 3.5172795952041582 5.064372410638619 5.102685991910492 5.1983125834759445]
196,1,1001,0,0,0,1,0,TRUE,10,Normal mean = 0,-0.05,6,100,[11.676324186587518 1.2426715001964468 7.936682914631168 1.6222217671993702 13.033398698310053 4.034685961881971 0.1699455466526001 5.596939032782384 -0.25339658984031715 -0.6392468676201848]
197,1,1001,0,0,0,1,0,TRUE,10,Normal mean = 0,-0.05,7,100,[8.17817629378154 6.024324437194766 4.627226681789718 3.774179371534456 2.387556170256734 10.773367133783779 6.137855072263467 6.580610517179041 -1.7637028491184075 5.948992351568233]
198,1,1001,0,0,0,1,0,TRUE,10,Normal mean = 0,-0.05,8,100,[11.69822030647653 1.1908345955687982 2.2854721445640136 2.2682989018723294 5.942163585427653 1.7068924286135392 6.874121593864391 1.59200739748238 2.744858670620564 4.97655189112367]
199,1,1001,0,0,0,1,0,TRUE,10,Normal mean = 0,-0.05,9,100,[0.3546010515179789 6.9383499799810675 1.8146470263448449 0.8866065914229431 1.5838750200794067 8.474714083385656 2.241002111550996 7.490838109580853 4.710086643511331 1.897749780243833]
200,1,1001,0,0,0,1,0,TRUE,10,Normal mean = 0,-0.05,10,100,[5.602281312547655 1.5300520567740026 3.9154134901749678 11.412711135628845 4.07826438974336 3.8634029312592544 6.542366182377399 3.401458712094312 10.689135638472703 1.2131008756590695]
201,1,1001,0,0,0,1,0,TRUE,10,Normal mean = 0,0,1,100,[1.5421213726207172 3.5963786808162377 11.019428812926638 3.0800714915292016 0.6631512584437964 7.746764242779849 2.382781400633999 11.815814401243426 7.242067458984586 2.362078362885469]
202,1,1001,0,0,0,1,0,TRUE,10,Normal mean = 0,0,2,100,[3.8467121903114068 6.094117764086274 2.8240442412208466 5.379960910524525 12.079302565124612 4.50222572719024 1.7472564680059168 2.4294046816744763 1.8408931552049026 1.3409442972393513]
203,1,1001,0,0,0,1,0,TRUE,10,Normal mean = 0,0,3,100,[3.7790241056758767 2.384476344147505 0.3464381300128567 -0.1357228439359073 5.390083706549758 7.85331498781571 -0.2403785195906491 9.121867236436106 2.2642356110856707 0.22703722983390823]
205,1,1001,0,0,0,1,0,TRUE,10,Normal mean = 0,0,5,100,[3.033094115088571 2.1935671896379767 7.136740237523612 1.3717764589294923 14.43959625131408 7.843542901590606 1.487571047075126 2.594437343407026 9.435959378386833 -0.44143135346907975]
204,1,1001,0,0,0,1,0,TRUE,10,Normal mean = 0,0,4,100,[4.132641981957979 -0.9412694790309183 2.625612407118417 8.061067732227366 7.348112893227069 5.563903089727375 7.2388819073295565 0.5649215175974545 -0.2793878900909516 0.7652095452209986]
206,1,1001,0,0,0,1,0,TRUE,10,Normal mean = 0,0,6,100,[5.004699546347775 7.244566133801562 7.032885127000945 6.391301939703211 9.873693391726652 8.829852646934855 7.5739674823068155 1.8823238491458096 5.832685792699627 -0.5247750757099131]
207,1,1001,0,0,0,1,0,TRUE,10,Normal mean = 0,0,7,100,[12.068913661515165 2.2984097637272582 3.060871350820156 2.1781538691797664 3.104326942549294 2.0088546500535784 3.152008090047488 1.7034715095394966 3.847916825911988 3.242169618385431]
208,1,1001,0,0,0,1,0,TRUE,10,Normal mean = 0,0,8,100,[6.244349561179666 3.056641172655016 3.4184651554466106 4.418030735840413 6.366403366452272 8.83073420919434 3.28436715920839 4.106467519194103 -0.5544010118949784 7.475098186984583]
209,1,1001,0,0,0,1,0,TRUE,10,Normal mean = 0,0,9,100,[4.552048527999969 7.428433096749464 -0.5774383279342583 6.465784914125017 4.75827202070177 5.548628285568949 5.995993394194563 7.761085982684126 5.222773857810826 0.05258749001889407]
210,1,1001,0,0,0,1,0,TRUE,10,Normal mean = 0,0,10,100,[2.9452250490771936 11.052012732427412 11.441239765375816 3.532211099830295 4.778868206837302 1.8172111184219752 -0.5091809398738052 5.113445424001256 4.890186782150548 0.9937993770595528]
211,1,1001,0,0,0,1,0,TRUE,10,Normal mean = 0,0.05,1,100,[14.112964921067961 3.821733186382996 3.582604506767355 1.0720631889824925 18.20753060534877 3.6512055385836892 -1.7701907155660555 5.000667760970145 1.9965087742854655 22.489617684749852]
212,1,1001,0,0,0,1,0,TRUE,10,Normal mean = 0,0.05,2,100,[1.6644484655808887 8.152305362845993 -0.6507346704759166 5.564399087287152 14.237924631262926 4.3649658318278695 6.637981047458082 1.8321297670687242 8.20574312927092 7.108689392761732]
214,1,1001,0,0,0,1,0,TRUE,10,Normal mean = 0,0.05,4,100,[1.9196600005588524 -0.06986628418859642 4.362074712894434 4.676246780207835 9.276636144546137 4.9993940024922265 8.206981143002661 9.199393910414463 5.877275391067117 4.483089139629746]
215,1,1001,0,0,0,1,0,TRUE,10,Normal mean = 0,0.05,5,100,[3.310163368283498 0.7818644368657334 6.311329560453349 5.434133740935096 9.079188452830092 -0.06035679569578827 0.4061882690314728 4.592686987910116 6.536846163911149 2.970128317637791]
216,1,1001,0,0,0,1,0,TRUE,10,Normal mean = 0,0.05,6,100,[5.461680135388653 6.78511469379522 10.955396993153952 4.707202072296397 -0.2814921926256846 -2.1321050366448153 1.5228374923688395 1.2512953228546686 1.1392663218869605 4.457039695358294]
217,1,1001,0,0,0,1,0,TRUE,10,Normal mean = 0,0.05,7,100,[-0.5143252264693946 4.246575395586504 2.092372556582084 10.811171643615047 3.077650133818062 3.099597330948382 3.867732325931096 5.673084160016769 8.551749764817998 22.199594982067836]
213,1,1001,0,0,0,1,0,TRUE,10,Normal mean = 0,0.05,3,100,[4.886189879474263 15.202479577609319 8.045439111413838 7.635155644207187 6.150883206142738 2.730086904862131 0.7320617765687667 -0.15902065679882113 2.489177741769497 5.031975270637344]
218,1,1001,0,0,0,1,0,TRUE,10,Normal mean = 0,0.05,8,100,[1.9596764750841007 8.24437159548753 4.029682184471395 3.5366633008097055 5.600236887142942 7.88327386034955 1.5516237650897222 11.143736593029892 8.835456409896803 3.8848748556845885]
219,1,1001,0,0,0,1,0,TRUE,10,Normal mean = 0,0.05,9,100,[4.8581437593432435 6.894565624649518 5.76521665550624 4.82820291271009 4.657666962999267 4.222513940841191 6.526728081669434 7.791284128636718 2.430588178632857 5.081157364906612]
220,1,1001,0,0,0,1,0,TRUE,10,Normal mean = 0,0.05,10,100,[2.859892912463874 3.203518814281236 1.0538432539057923 5.3306194324903755 5.452425098056853 6.835844842147739 4.545555967771614 1.1018164815298608 0.6897972539168298 7.498937966264077]
222,1,1001,0,0,0,1,0,TRUE,10,Normal mean = 0,0.1,2,100,[-1.025100565830754 15.918861769073851 4.639396861784056 6.60465363617688 0.006433983003940991 1.8127121730779996 4.770778487335644 2.13422138547686 2.904842688078355 -1.436102579280644]
221,1,1001,0,0,0,1,0,TRUE,10,Normal mean = 0,0.1,1,100,[3.6982430647290077 7.076254887697657 0.7685605195701419 8.809442927968128 2.6482986626577536 1.9359390903604963 8.233619564560195 1.265846007946462 2.5373080893480617 3.827475279370338]
223,1,1001,0,0,0,1,0,TRUE,10,Normal mean = 0,0.1,3,100,[3.8886330242789007 12.61650850758476 12.805438998363776 7.635719566788027 0.04096194654113566 0.5055381506111655 16.880724381703022 4.676762801882848 9.770916767887023 1.7448350037378424]
224,1,1001,0,0,0,1,0,TRUE,10,Normal mean = 0,0.1,4,100,[10.256627289548163 1.2415733308249335 3.656747714884916 4.968818971676349 5.251779922077023 0.8916775652029492 8.287978097494017 2.446473623696555 -0.6126642499745153 8.953948093677985]
226,1,1001,0,0,0,1,0,TRUE,10,Normal mean = 0,0.1,6,100,[7.821844462729932 5.913955381360125 3.037801002652361 4.274593084643224 9.307360187882878 2.472795534334338 7.824078824380112 4.38945727392421 0.16294126515613006 2.216160111992223]
225,1,1001,0,0,0,1,0,TRUE,10,Normal mean = 0,0.1,5,100,[4.525216807595788 6.421997284225236 13.16402752823613 8.652007303488485 1.4150668586024167 2.2237190063924674 1.782404164473385 14.182020346806025 -0.4766426372239472 -1.2858807814589306]
227,1,1001,0,0,0,1,0,TRUE,10,Normal mean = 0,0.1,7,100,[8.791932571542857 3.5807523508567085 7.570833384215283 4.558318727207601 4.821502663403414 6.671824999834777 2.7765856122892263 8.163441159630915 3.125382543203086 3.6409667966457118]
228,1,1001,0,0,0,1,0,TRUE,10,Normal mean = 0,0.1,8,100,[1.5781210119499902 7.088613491052614 7.761073555765462 6.783487114381413 8.65885265007803 0.3268489427333966 10.344138446666626 4.088528594128779 6.22282762747514 3.457640420608098]
229,1,1001,0,0,0,1,0,TRUE,10,Normal mean = 0,0.1,9,100,[4.704217566296887 6.332600531572342 11.159005228893076 4.0969585219834075 9.671715842863705 -0.3157988355426312 7.097027358155233 4.668938761952887 3.80437394345284 5.020947882072299]
230,1,1001,0,0,0,1,0,TRUE,10,Normal mean = 0,0.1,10,100,[5.09266477579824 5.462674553103269 0.07765134195561138 5.1462185787230394 3.445274301220948 -0.7120522126067601 6.228920103122574 5.161676643630483 5.176098835878789 5.2202222428111185]
231,1,1001,0,0,0,1,0,TRUE,10,Normal mean = 0,0.15,1,100,[7.069559118924427 0.21258667778128604 6.209621918525315 4.590070578863841 6.867777648172727 5.848364788449161 -1.102780573870732 2.142627036586499 3.520607479103676 2.64941377145709]
232,1,1001,0,0,0,1,0,TRUE,10,Normal mean = 0,0.15,2,100,[10.200911155816389 0.8641393989681835 10.186476703989019 2.210903189877909 -0.11889702514912581 2.7079784302217775 12.451110382788082 6.07613691575813 5.084046491402026 -0.5170422517583938]
233,1,1001,0,0,0,1,0,TRUE,10,Normal mean = 0,0.15,3,100,[2.245321160146857 3.367803023781392 6.696849437153983 -0.9136449719295999 4.357689477148119 2.7239537731124215 1.7063376767777485 3.114044894348819 1.1325708180425669 2.2713257106291174]
235,1,1001,0,0,0,1,0,TRUE,10,Normal mean = 0,0.15,5,100,[12.18807805074743 6.456285314358296 2.4298951740798955 14.631372461434687 5.179436355113397 2.4667746820596728 12.121383592525612 14.297078575323109 7.113972140224938 11.128057237185976]
234,1,1001,0,0,0,1,0,TRUE,10,Normal mean = 0,0.15,4,100,[4.604140860311795 1.854013333643923 1.1791277176075639 4.069348623640799 15.156094094641428 9.91500301988082 6.593286918292118 3.4056645217770107 0.16833562638834343 2.5159157001991863]
236,1,1001,0,0,0,1,0,TRUE,10,Normal mean = 0,0.15,6,100,[6.023108571253593 0.8672059853310623 5.1393499756049605 3.896747721678498 1.4597896484271462 2.9539504128360727 0.3733419194817127 1.1042090706013805 4.137015385432196 5.3251084470979295]
237,1,1001,0,0,0,1,0,TRUE,10,Normal mean = 0,0.15,7,100,[1.192224943124397 10.770071913202791 2.4708391792282085 1.2141229229133998 2.918273051230561 5.0421121535446405 0.4231541311026737 1.3856825222569065 0.9225559361906257 4.133924064848603]
240,1,1001,0,0,0,1,0,TRUE,10,Normal mean = 0,0.15,10,100,[4.734662049977002 1.045519952267928 -0.9195939627605918 5.6016691362580024 1.1893580498355718 6.034978304113285 1.9285654405194133 4.177684139110214 3.107254510507308 9.380148094297306]
238,1,1001,0,0,0,1,0,TRUE,10,Normal mean = 0,0.15,8,100,[3.398309056168166 8.996797235624294 11.432455726137125 4.336149599861232 4.231821344144638 2.88867783652776 5.950288098159074 -1.4202840681507907 8.82078202611464 3.1356715119707244]
239,1,1001,0,0,0,1,0,TRUE,10,Normal mean = 0,0.15,9,100,[10.71842534288008 9.660515477225761 10.279790574934237 6.975982245609162 1.1178346235029841 2.2003099220721216 0.598064365498775 12.372763327026181 5.515839417430284 7.5378917420334615]
241,1,1001,0,0,0,1,0,TRUE,10,Normal mean = 0,0.2,1,100,[16.243598520503053 0.21933804471823998 4.94893954846663 12.756506145752155 3.233851836480977 2.3562050586234293 1.5992987352568568 -0.5703468742466478 4.664338727428641 1.2147254357435993]
242,1,1001,0,0,0,1,0,TRUE,10,Normal mean = 0,0.2,2,100,[8.043763358120568 11.403351925491894 2.740551047824046 2.202676808189205 10.403731923378041 6.103032487880328 -1.9169684067755426 2.202546565972511 7.384413836987145 11.608342560403685]
243,1,1001,0,0,0,1,0,TRUE,10,Normal mean = 0,0.2,3,100,[0.598420599688803 4.237529817187085 6.436663916952325 3.0681060867625014 12.683397581295548 5.935696864761413 16.860902328166915 3.1828664075387483 4.840358394130063 5.031377419368841]
244,1,1001,0,0,0,1,0,TRUE,10,Normal mean = 0,0.2,4,100,[5.8108635878554935 -1.2018455021519645 10.621154606312867 6.248773889393313 5.438322164026374 7.748170681000763 4.1616528520152825 1.5999676020214706 1.263750390255618 1.596719358138609]
245,1,1001,0,0,0,1,0,TRUE,10,Normal mean = 0,0.2,5,100,[4.099638897903905 5.079198119635711 2.3818840273368673 -1.2734030030666534 6.459198254200281 10.463836656363968 2.157628333022212 3.08776846626487 3.660851782864637 2.581151365986903]
247,1,1001,0,0,0,1,0,TRUE,10,Normal mean = 0,0.2,7,100,[4.339206429735489 5.861749496965768 1.4665746963316075 13.332475927616908 6.165318181074345 -1.4076799426484141 3.779197822538799 7.336836485706764 6.201274129905679 5.132263563423664]
246,1,1001,0,0,0,1,0,TRUE,10,Normal mean = 0,0.2,6,100,[4.169874327032775 8.400719326396985 6.415995049847259 1.315045163502567 11.336716492418526 5.218474375643503 4.6245667920237485 8.03039083562141 1.111009522811124 10.81778006448938]
248,1,1001,0,0,0,1,0,TRUE,10,Normal mean = 0,0.2,8,100,[11.132534238588345 3.5596544170314712 3.8038296103945823 5.0797227498949455 11.810485863154684 8.296802582479007 2.7704142476335147 2.182209837001831 2.224074324789616 4.296792604730148]
249,1,1001,0,0,0,1,0,TRUE,10,Normal mean = 0,0.2,9,100,[8.154405212087484 1.0466216017008099 17.16759338475422 5.163468228876592 4.433213908017882 11.845057996664952 -2.704338753750239 4.826098660644603 3.5293615096752946 10.935588348224439]
250,1,1001,0,0,0,1,0,TRUE,10,Normal mean = 0,0.2,10,100,[3.782374431837742 4.1904858153270315 4.760679919984498 -0.16010070596942236 0.35268678015156757 8.343357435464322 2.509024693582858 0.9318169337582227 9.777098008781707 8.642109562714886]
251,1,1001,0,0,0,1,0,TRUE,10,Normal mean = 0,0.25,1,100,[12.868311899834522 9.24851316041023 11.049471626542838 4.98273132417179 2.9838252499447626 -2.693466095506151 7.455688913914264 0.2555837425611347 2.8091475957163796 0.3288416343628995]
252,1,1001,0,0,0,1,0,TRUE,10,Normal mean = 0,0.25,2,100,[0.04466932034582347 7.108498698600417 -0.8350296928365687 -1.5209822429689859 2.2510313358379332 4.714448847916649 3.6954261609832875 2.179361062566351 3.003425508652264 1.8493676751002526]
253,1,1001,0,0,0,1,0,TRUE,10,Normal mean = 0,0.25,3,100,[3.5442954274377247 13.307341579907646 6.105264753422608 6.303427137461927 4.046118450233318 1.8319308241184558 7.614354848782256 5.549564169057872 0.9804805323954066 13.129920833640611]
255,1,1001,0,0,0,1,0,TRUE,10,Normal mean = 0,0.25,5,100,[1.1853574451977806 3.6825008425216694 4.709189233908344 2.396985076667324 4.703198875829129 11.616540268733129 5.528765318318785 5.68447761018193 5.030897155335105 0.42814635425349645]
256,1,1001,0,0,0,1,0,TRUE,10,Normal mean = 0,0.25,6,100,[5.0740800407365105 -0.11230364544610534 5.941238841294682 15.44828979503886 2.9610114397779776 0.5568579902083058 2.8465093694697146 2.284945956521873 4.2694120469361305 2.967491131603037]
254,1,1001,0,0,0,1,0,TRUE,10,Normal mean = 0,0.25,4,100,[1.2944081518803943 3.1783629382997143 8.945941018738738 12.029649249194135 3.264921484685236 9.112745353411775 4.035588291858464 2.1956486276546947 8.834078836688319 10.714931754337714]
257,1,1001,0,0,0,1,0,TRUE,10,Normal mean = 0,0.25,7,100,[4.6557180535730875 1.0128247617594524 4.949823582718665 1.3508385385534838 4.585378888536948 3.6291967052187974 4.034654922534502 2.8874455961021295 1.2669174247134654 1.4992482818986765]
258,1,1001,0,0,0,1,0,TRUE,10,Normal mean = 0,0.25,8,100,[5.320715953411683 9.108263038485338 2.857680608007529 0.5097851023268202 1.3955155025103434 2.356777440915073 4.022743081305968 6.8088343330099645 8.561540496487552 1.4709073859078936]
260,1,1001,0,0,0,1,0,TRUE,10,Normal mean = 0,0.25,10,100,[2.5422493053101243 5.325431222071517 6.557996953514578 2.8423091203777906 5.760545430284229 2.7999113201541377 12.036248747889902 6.401575263981523 1.7456466088166505 4.081410124512689]
261,1,1001,0,0,0,1,0,TRUE,10,Normal mean = 0,0.3,1,100,[9.81370620782854 1.7353726640383216 -1.1970782025680746 -0.6815244515505212 4.320889428698323 7.565059861774934 3.959260323134021 8.946585487138648 4.837767833291824 1.8221158375112119]
259,1,1001,0,0,0,1,0,TRUE,10,Normal mean = 0,0.25,9,100,[4.716824532634169 0.37471152343373254 0.4683851327389331 -0.3886279162504124 0.07854582259069656 0.0031824367109683817 -0.8119649042446905 0.8119114375361122 2.7004530583583177 0.45986520093669914]
263,1,1001,0,0,0,1,0,TRUE,10,Normal mean = 0,0.3,3,100,[4.024128362314489 4.560113179120297 5.324796974406473 11.21944525657218 2.8430869178209575 -1.777426547855728 8.11419572830087 2.1086653490428353 4.2307516318612475 5.614763083101912]
262,1,1001,0,0,0,1,0,TRUE,10,Normal mean = 0,0.3,2,100,[3.475201251746349 6.6024013116340745 23.401117624781794 6.8029352024315415 13.175517494577505 0.5105835051671576 9.799221839845766 8.970889742939399 10.195874094983 7.5182747416236175]
264,1,1001,0,0,0,1,0,TRUE,10,Normal mean = 0,0.3,4,100,[2.4648550756406484 3.5291871265701755 4.908126152629603 2.0416485133384663 0.13368358492828253 4.549450802777248 3.089594039606417 4.693286753646461 1.053503689912377 3.2078129163694413]
265,1,1001,0,0,0,1,0,TRUE,10,Normal mean = 0,0.3,5,100,[1.2547386946203418 9.575410827426609 6.829536457436941 9.97902274859581 6.738012238212288 3.5171468683799354 4.961160149151375 0.8557083897198885 7.3897890772689365 5.699490730468394]
266,1,1001,0,0,0,1,0,TRUE,10,Normal mean = 0,0.3,6,100,[-2.186961387648068 4.812179009118476 2.7436571263080083 2.940532939088819 1.0889486984558239 1.4833096596168502 5.184388739686385 0.08899180000176787 8.838641899099057 2.2459815758185435]
267,1,1001,0,0,0,1,0,TRUE,10,Normal mean = 0,0.3,7,100,[5.317191815446476 7.600137606406775 11.528191966783966 2.2612336528263834 -0.3372678998653041 5.937780157602028 3.525121241600509 -0.8892536600477174 5.517270429500926 3.5308140615799872]
268,1,1001,0,0,0,1,0,TRUE,10,Normal mean = 0,0.3,8,100,[1.4189111103785508 0.13146254232618776 4.208060341732151 10.590121690133818 -0.5557591417958565 1.560385447161399 1.3663344409415148 6.525402812690044 3.1143917136065604 -0.9613880956343377]
270,1,1001,0,0,0,1,0,TRUE,10,Normal mean = 0,0.3,10,100,[0.3710347590014088 -1.0055163508515546 8.85948039470489 2.885388758424125 4.8412489850020535 -0.6490927807521654 9.62829897042622 12.551252060170263 -1.8728207359381757 5.205703624413854]
271,1,1001,0,0,0,1,0,TRUE,10,Normal mean = 0,0.35,1,100,[2.5237207122841308 4.723079326533473 3.2147534052849553 3.7710144633445415 4.354825481489275 4.055548643345913 2.3664943685533615 5.066153485931364 6.486352120996874 2.4055426776521887]
272,1,1001,0,0,0,1,0,TRUE,10,Normal mean = 0,0.35,2,100,[0.8824398628941518 8.021900520005332 3.609628853182336 5.135137030287992 7.577579358121699 2.3791418108882065 3.2147942031984766 23.165095851480125 1.66408093729416 5.975144332713798]
273,1,1001,0,0,0,1,0,TRUE,10,Normal mean = 0,0.35,3,100,[6.540451197531896 3.5859722804695977 0.6578174060103776 -0.9296390187783743 3.9412950264895366 9.612335622237781 2.8112138609524306 2.323916737743176 3.880907168994662 9.395850751134432]
269,1,1001,0,0,0,1,0,TRUE,10,Normal mean = 0,0.3,9,100,[1.7244192589167129 15.22082334275555 1.2131399060277095 7.5517950955703 16.536187688758826 0.2663640902751229 13.605353577451602 1.589169179981631 0.47005032481653586 9.976684757894946]
274,1,1001,0,0,0,1,0,TRUE,10,Normal mean = 0,0.35,4,100,[-0.9849760216389867 7.063548149698688 10.600002352488088 2.584013270994795 10.308590189271076 3.5524083001869236 2.9409335509725123 2.739543245950247 5.209979703272133 8.445651540882253]
275,1,1001,0,0,0,1,0,TRUE,10,Normal mean = 0,0.35,5,100,[9.102935666797054 3.6322299328054224 8.31801887200618 7.075816812520831 8.109757890075368 2.231968353293292 3.0798858901213046 4.464564531842146 0.40221652933096486 -2.151479165235946]
276,1,1001,0,0,0,1,0,TRUE,10,Normal mean = 0,0.35,6,100,[8.366988224578105 3.921074033537252 2.218137956418117 0.4366864719528696 5.729083426428377 7.115010501441551 6.636614887815978 4.144036905717812 0.7272998790771134 4.312043309619655]
278,1,1001,0,0,0,1,0,TRUE,10,Normal mean = 0,0.35,8,100,[5.626074696613411 1.5511269192389816 2.809015733118621 -0.29436817609207255 1.9480838044363527 3.70475966296143 8.944684815949035 8.574064813068334 1.460870312831602 9.150633622360159]
277,1,1001,0,0,0,1,0,TRUE,10,Normal mean = 0,0.35,7,100,[7.50286804887741 2.0802858579999626 4.853806976839387 2.614610842404121 0.8375148332369351 5.918172066194065 1.717600560565022 1.884545901728809 2.9824476526579975 -0.9656466511450494]
279,1,1001,0,0,0,1,0,TRUE,10,Normal mean = 0,0.35,9,100,[1.515446141245019 1.8785451342666821 0.980910837490433 2.322449708042223 8.129339593740642 -0.0455238647161547 2.942912085191623 1.709982217442589 0.7381517132448041 0.38224912002295486]
280,1,1001,0,0,0,1,0,TRUE,10,Normal mean = 0,0.35,10,100,[5.327995563287769 0.42796086496404173 0.08154191409642644 3.0251601659364047 2.5084933206732742 4.721613184113227 -0.7705480069262147 3.961719611600938 2.1588717216770914 1.0175315416772452]
282,1,1001,0,0,0,1,0,TRUE,10,Normal mean = 0,0.4,2,100,[4.666413140677416 4.586753405119745 2.3922602399244246 -2.2677299793533634 6.125708614507504 8.473693781447773 0.0951739080311508 6.571958938074154 -0.04495947784135601 4.315907175602983]
281,1,1001,0,0,0,1,0,TRUE,10,Normal mean = 0,0.4,1,100,[6.889328048129077 3.0554405319760014 4.948962525352352 -1.785317425851864 1.5054230661272747 0.4101052535097798 4.741536641603504 1.5192700954867544 5.85800354957341 7.926333729152242]
283,1,1001,0,0,0,1,0,TRUE,10,Normal mean = 0,0.4,3,100,[4.270757739527099 8.249837919410743 8.175519845785182 4.405160387568403 2.5607974440301504 3.7121286620431575 -1.2013955048158145 6.539544714890207 4.829430821490511 3.923194430833206]
284,1,1001,0,0,0,1,0,TRUE,10,Normal mean = 0,0.4,4,100,[8.535110818999646 7.3264762621020525 2.811517961839511 0.285040977435558 12.288247835771571 5.870221152948941 -0.1448926002253568 5.974581987995698 3.824817230942827 7.205612658666554]
285,1,1001,0,0,0,1,0,TRUE,10,Normal mean = 0,0.4,5,100,[1.9620536551682581 0.45247164288714725 4.329495929264865 -0.1514227858186682 2.9499233160120637 5.787495422659912 3.5740203978936362 2.1040320619998534 -0.1525957902032003 2.531832700707117]
286,1,1001,0,0,0,1,0,TRUE,10,Normal mean = 0,0.4,6,100,[3.8198889471883444 -0.11166808745370307 15.211806320400795 2.559757318718673 1.2782153735524884 0.9494127531805598 3.649128284702635 8.116985256363318 4.184417083571101 2.301388168424371]
287,1,1001,0,0,0,1,0,TRUE,10,Normal mean = 0,0.4,7,100,[3.489940653009477 7.672392197930588 3.3587300388855894 1.2417992629706012 5.1125283173012255 3.4116824037318603 -0.6126623101010855 6.249678682511357 4.734322628595331 0.5812747914550674]
288,1,1001,0,0,0,1,0,TRUE,10,Normal mean = 0,0.4,8,100,[4.919119601592251 6.896541528027294 8.722217292850987 -0.6438250797346083 5.9515792868971396 3.4595200182574692 8.264556417026883 3.6245685088155377 8.045014500966248 6.331575579418937]
289,1,1001,0,0,0,1,0,TRUE,10,Normal mean = 0,0.4,9,100,[3.074889589574343 4.07079625983728 0.9776918734838485 -0.4751542623051067 2.1357318846737483 -1.1915868523259872 14.64778807982654 1.6563238056174887 1.9856404246287467 5.1217021784464185]
290,1,1001,0,0,0,1,0,TRUE,10,Normal mean = 0,0.4,10,100,[3.9789011118998547 2.5034056765612878 4.55874976943861 1.9753063014010317 -0.1817803845554088 4.380200401428757 0.3223513244557429 2.614118788987234 5.751626556143752 10.507377826706804]
291,1,1001,0,0,0,1,0,TRUE,10,Normal mean = 0,0.45,1,100,[5.956140786248632 3.7146807077154715 6.338602470660382 1.9240014597506987 8.094093546580902 0.9073719237543728 2.093726350084356 -0.7595562298246494 4.508640509276146 5.641106280726031]
292,1,1001,0,0,0,1,0,TRUE,10,Normal mean = 0,0.45,2,100,[11.03463850953657 0.2798841613619309 9.538567382049802 12.615918139259257 4.74347696431746 10.79850775151584 1.1913274306575214 4.803199200784388 4.206894668104589 4.056282939872558]
293,1,1001,0,0,0,1,0,TRUE,10,Normal mean = 0,0.45,3,100,[1.1579763914687162 2.052467790472516 5.201754056179593 4.856341335576024 4.551898442448626 9.964052666996894 0.7075593185483604 1.7709048700779537 7.213432250766349 5.583802264665112]
294,1,1001,0,0,0,1,0,TRUE,10,Normal mean = 0,0.45,4,100,[2.658278919530127 5.633036271378365 3.8916033605935216 4.813627191339376 10.527516310209357 5.352525971946752 -0.23769405482867825 -0.8394797016265174 0.7899511337676086 6.062051772794155]
295,1,1001,0,0,0,1,0,TRUE,10,Normal mean = 0,0.45,5,100,[0.18248506416985819 1.678533010114832 6.565720212960747 7.639163778574717 13.738515617747845 7.865620916697413 3.6017361808781296 5.8642433433858585 0.5403842349546633 6.010007691363184]
296,1,1001,0,0,0,1,0,TRUE,10,Normal mean = 0,0.45,6,100,[8.164652453110811 -0.19520394834777988 18.125059282428232 4.492287390442893 1.2754808614246218 0.665597843737513 2.458420914707988 0.11815186224997967 2.9551952512099775 1.059837528423976]
297,1,1001,0,0,0,1,0,TRUE,10,Normal mean = 0,0.45,7,100,[0.4609205838703155 5.458989508383674 6.289087342208921 3.103110674175358 6.066192377605252 8.465359495931734 3.1617043760030072 9.315789143241592 7.064346346892975 15.46539144625119]
298,1,1001,0,0,0,1,0,TRUE,10,Normal mean = 0,0.45,8,100,[3.784723171916918 -2.345191793588542 2.588664580760029 3.1642021357459376 -0.5500559616078698 5.312774476751574 1.7734248851236307 3.5064563345443718 2.092333864331298 -0.815239016130244]
299,1,1001,0,0,0,1,0,TRUE,10,Normal mean = 0,0.45,9,100,[2.067833967713571 3.807504994368838 1.2626404743509216 -0.45360087486534484 2.6310126976824524 1.8240729527962851 1.6534845030026288 1.8386763053795043 1.926531851511526 0.07799127178375803]
300,1,1001,0,0,0,1,0,TRUE,10,Normal mean = 0,0.45,10,100,[1.6542909137863178 -1.3441643565958699 2.3020407186235676 1.9301691383986175 4.150284146689992 2.2348947199937568 0.3100059259198339 -1.5140878885540126 0.9035395581473745 0.37439983408105076]
302,1,1001,0,0,0,1,0,TRUE,10,Normal mean = 0,0.5,2,100,[13.682562769814517 -0.360926514547508 5.751517916683798 4.101024351448396 10.979187127041873 -0.9998956164629905 4.522066704985092 0.8055215640563452 5.9038856942701665 3.758511479336133]
301,1,1001,0,0,0,1,0,TRUE,10,Normal mean = 0,0.5,1,100,[10.548980900966868 1.4556566835004274 6.967351185829196 3.221616726722722 10.198857001784154 2.385905402117478 3.713641020590177 9.797291634211916 6.962727508232974 13.786840035739653]
303,1,1001,0,0,0,1,0,TRUE,10,Normal mean = 0,0.5,3,100,[7.419810537240365 1.4919366874282427 9.919759646183218 8.670797509181094 5.167733308370052 8.001389213366517 6.741553198454435 6.934056633050122 5.837554173981431 8.74418297051164]
304,1,1001,0,0,0,1,0,TRUE,10,Normal mean = 0,0.5,4,100,[16.62137536974464 12.53359820615199 0.3389793709416721 -2.3106731079239076 3.0764886440483874 2.8761267804574944 1.9450613278221125 2.9379173474262954 6.460756235192174 5.371359557398327]
305,1,1001,0,0,0,1,0,TRUE,10,Normal mean = 0,0.5,5,100,[9.636449506459146 1.5831629845373936 5.4469697578212495 2.8404430784786503 2.3414491567453326 6.595854065107518 1.609238906280782 12.498328726967328 8.291552493383396 12.269039796178433]
307,1,1001,0,0,0,1,0,TRUE,10,Normal mean = 0,0.5,7,100,[8.329233501899228 12.86911278925344 4.5390275437923355 1.8160867313076114 2.317526515765194 0.9056479548903079 2.103073934308423 4.387494603870596 3.440968404127954 6.813761719488885]
308,1,1001,0,0,0,1,0,TRUE,10,Normal mean = 0,0.5,8,100,[1.0019792669583003 3.1456649702055746 2.4851528477611717 5.406524175936341 6.214106951967275 4.394389071223142 6.195799443498566 5.03525827075827 2.06938586049676 2.697161522808349]
306,1,1001,0,0,0,1,0,TRUE,10,Normal mean = 0,0.5,6,100,[3.1522079454873917 7.843362113474479 3.9534664866317426 1.042954404711846 3.8682837515468447 2.255628012030294 2.0703107972525463 -0.1292073630511035 1.7717366357784567 7.37176020215758]
309,1,1001,0,0,0,1,0,TRUE,10,Normal mean = 0,0.5,9,100,[7.823096436883205 3.465259631456963 4.204432710769882 2.714800342800055 1.9626972683210318 1.6826974372259604 2.1849007842796233 1.5985640004403725 5.35849241625433 -0.4741471079333312]
310,1,1001,0,0,0,1,0,TRUE,10,Normal mean = 0,0.5,10,100,[6.392655316144233 0.6829723119699491 -1.2769310577400936 3.5948871800954114 2.3110040400075005 1.5272699336312596 4.853376608505826 3.6254417173325217 -0.7395698755053624 1.5786754130995324]
311,1,1001,0,0,0,1,0,TRUE,10,Normal mean = 0,0.55,1,100,[2.7061721798643523 8.986862814289939 6.2286296671327745 8.626084608724142 5.213688940295704 5.2601275359562525 1.958091075037918 0.9099015859124207 3.528667712192723 4.882694634967828]
312,1,1001,0,0,0,1,0,TRUE,10,Normal mean = 0,0.55,2,100,[2.019068773423135 1.5709655886893017 2.641570279559705 3.451604346547007 10.870083222975836 4.27187910526357 3.3436522247084506 0.0033964799674242874 1.4165735637586097 5.228114573126646]
313,1,1001,0,0,0,1,0,TRUE,10,Normal mean = 0,0.55,3,100,[8.488432018296141 4.967843808454679 4.179404185024402 6.440600358270634 7.1531155590963165 8.350284237098498 1.1365942736452743 3.8364841698760777 5.099110718560794 3.3257711068101257]
314,1,1001,0,0,0,1,0,TRUE,10,Normal mean = 0,0.55,4,100,[4.120581089820787 4.888749567943525 -0.8586593852781903 1.6489688762441035 2.196624538862394 2.187017355308126 9.945067261792024 12.040394104860004 15.841828830245309 15.837447309765341]
315,1,1001,0,0,0,1,0,TRUE,10,Normal mean = 0,0.55,5,100,[0.09387357873964366 -2.1054446951526526 3.9215659500960682 2.5195660504286943 5.949329554386151 3.520246558515271 7.09723742138102 2.8984598758117186 8.102517479633887 4.045041575864125]
317,1,1001,0,0,0,1,0,TRUE,10,Normal mean = 0,0.55,7,100,[7.024299381224842 13.976434674175373 7.555940738452171 1.2050215693200108 1.7087391736131101 0.9300741087177293 2.8607071163378675 2.286352354962651 4.656206414085457 3.167139565521293]
318,1,1001,0,0,0,1,0,TRUE,10,Normal mean = 0,0.55,8,100,[-0.16939041181458894 1.8848859519266215 1.3340596938409024 -0.504401876360086 -0.704399448411273 4.523236446158777 4.650088957238957 1.8326359605133482 2.457067282260952 1.3916214829307085]
319,1,1001,0,0,0,1,0,TRUE,10,Normal mean = 0,0.55,9,100,[8.202856862762973 8.571064803877304 8.694299075574282 6.559898799714276 1.9265365810940869 -0.2810507543321144 -1.7270019449448737 -2.152522201280876 11.677324847417871 8.166859945189604]
316,1,1001,0,0,0,1,0,TRUE,10,Normal mean = 0,0.55,6,100,[-1.2748588814576756 2.539089317773791 9.741277497774957 4.4421628344273945 10.657595993765375 6.0386117270508155 3.566776033633066 7.34342425069939 8.021436664514823 12.544437264944845]
320,1,1001,0,0,0,1,0,TRUE,10,Normal mean = 0,0.55,10,100,[8.298491537679915 2.6712789187147408 4.160886951010421 -1.2964670001361116 6.599026227262609 5.172173785322431 5.215624174271764 4.069926944060668 -2.2475621837791655 9.511954266663452]
321,1,1001,0,0,0,1,0,TRUE,10,Normal mean = 0,0.6,1,100,[2.0245012850553845 1.4511316850622085 6.291489662636327 7.281405674377436 3.682587979408883 9.508309102950202 6.9365540835682875 2.527352432800405 9.436797594949573 3.064228646555595]
322,1,1001,0,0,0,1,0,TRUE,10,Normal mean = 0,0.6,2,100,[2.552198871442402 1.242035528358759 4.937071340685066 11.520021362354617 8.67581706235321 8.274030857209814 5.19773355058527 -0.8431675926924226 1.0879512636637068 4.376430616862025]
323,1,1001,0,0,0,1,0,TRUE,10,Normal mean = 0,0.6,3,100,[8.051598210903745 2.7577874796353434 6.956102665893456 2.4525089379877305 1.1348487985815274 3.97046882368814 2.836036570540333 -0.026004790818782264 0.6524437602962085 2.656114256971988]
324,1,1001,0,0,0,1,0,TRUE,10,Normal mean = 0,0.6,4,100,[3.34993036332558 5.863600478208229 -0.20325931747488565 10.747216191374639 8.446665421809687 6.530586303500655 3.3851780088125287 5.645644890286708 2.349577748476886 -0.892056417106234]
325,1,1001,0,0,0,1,0,TRUE,10,Normal mean = 0,0.6,5,100,[0.15560954424455792 3.1304398919604974 4.413175683627347 0.9225686650635769 3.8688643951194504 4.807021773139031 7.008346577476825 3.8939313657051815 3.9655678138612247 5.305806645963276]
326,1,1001,0,0,0,1,0,TRUE,10,Normal mean = 0,0.6,6,100,[2.7253501354421474 5.574409377636596 4.44876810086458 9.430553686342513 3.750714220164025 0.08962294253670738 2.5436937836393287 4.2158559194935785 2.8231704773384703 -0.5904243960349176]
328,1,1001,0,0,0,1,0,TRUE,10,Normal mean = 0,0.6,8,100,[3.0274143747062663 0.26541935566236746 2.823057161189974 1.8547870416906613 2.3887866280936128 1.1634454511583436 2.553243060545616 3.428005150202521 3.6107382745986047 2.443394797268446]
327,1,1001,0,0,0,1,0,TRUE,10,Normal mean = 0,0.6,7,100,[1.3236381596337987 0.6360713113189269 2.018691599837061 1.9587137850908651 4.597335244077338 1.586734666458029 2.7262156022093524 -0.09017725842608475 0.8667486552074269 3.3462346512411107]
329,1,1001,0,0,0,1,0,TRUE,10,Normal mean = 0,0.6,9,100,[4.283482013858236 0.640387906623274 4.822261963742245 3.166137174045594 6.864878767695653 0.5655048624399394 0.0015795690021894043 1.1740413086536003 2.471831653403773 -0.44527570879799366]
330,1,1001,0,0,0,1,0,TRUE,10,Normal mean = 0,0.6,10,100,[2.950285846479275 4.493264199312236 2.7195893914604574 1.5385192166866821 -0.354935950202562 2.3551070524528153 1.4386448780719632 -1.2445676385070925 2.7346149837933864 3.3821568486175124]
331,1,1001,0,0,0,1,0,TRUE,10,Normal mean = 0,0.65,1,100,[10.111231329011265 5.699721646750175 4.0758945266218864 6.665091162826348 2.033988927942089 0.9455305862025462 5.969714413808871 4.174411045313143 9.420170959612788 3.9750505728396983]
332,1,1001,0,0,0,1,0,TRUE,10,Normal mean = 0,0.65,2,100,[3.086982421444859 10.676652968408101 4.282459036142979 2.101643426414385 2.4206860251031643 10.519299888744339 4.729559994201248 8.528041278853918 2.288576741509272 9.449675044549643]
333,1,1001,0,0,0,1,0,TRUE,10,Normal mean = 0,0.65,3,100,[5.26659472460733 7.141993606809094 1.1718733251795632 9.628078818713641 3.625788726795706 1.813812764405616 2.4250772505280973 3.662643664489392 -2.1994088173044046 2.5650937101100606]
334,1,1001,0,0,0,1,0,TRUE,10,Normal mean = 0,0.65,4,100,[4.577054696437648 3.990460343486183 0.8265524256657375 3.8328275963859055 7.6470624686826385 0.4812561011732204 -0.24323626131753917 0.3120671555451475 -0.01112203998547584 1.2443530513476198]
335,1,1001,0,0,0,1,0,TRUE,10,Normal mean = 0,0.65,5,100,[5.4020365224415325 8.238456217895035 1.8003014043090941 5.692038948945197 1.2126888767423225 2.5821853986561765 -0.5464147365568979 1.4001470332477783 1.5141954076280455 -0.17131039299834855]
337,1,1001,0,0,0,1,0,TRUE,10,Normal mean = 0,0.65,7,100,[2.011191013686414 3.018407704212881 -0.2596868023536712 1.7371403451168728 2.7237100382546497 7.761792791069406 1.4208541629679288 4.479980956085447 -1.4314949529403238 4.512812216149159]
336,1,1001,0,0,0,1,0,TRUE,10,Normal mean = 0,0.65,6,100,[3.918865466343487 6.611633352871009 7.1893259048970695 4.719380037631478 6.760945801149808 9.012807968218763 8.220692238287754 6.628143034361127 9.135275073485689 9.882403249644488]
338,1,1001,0,0,0,1,0,TRUE,10,Normal mean = 0,0.65,8,100,[13.39695199989719 1.461584656805337 0.8157403305498729 5.110068992473062 3.95151006876394 0.5080605376862888 3.1387513769395667 3.059478649645502 4.937296666587367 4.564093889474605]
339,1,1001,0,0,0,1,0,TRUE,10,Normal mean = 0,0.65,9,100,[12.045957583414067 6.393786696688346 6.220881256422347 7.489110283085938 5.719496436574016 4.056320163478836 4.702856355368111 5.6129633866870865 3.158452845880999 9.400338698945895]
340,1,1001,0,0,0,1,0,TRUE,10,Normal mean = 0,0.65,10,100,[9.15234099122165 5.192820750085409 7.989321445828795 6.30209416607582 4.861154770473284 2.1405541588225656 6.713514573792771 6.306389182194635 5.393723545838175 9.382244748180726]
342,1,1001,0,0,0,1,0,TRUE,10,Normal mean = 0,0.7,2,100,[10.298117256327433 1.1413667077929395 10.385563535169055 -2.3239920383515646 1.4982467220865023 5.296178647177064 5.851771429638836 7.907478495074019 3.8007716663267677 4.133823040856209]
341,1,1001,0,0,0,1,0,TRUE,10,Normal mean = 0,0.7,1,100,[2.0045931256524363 4.332360699167638 0.2388516299753575 2.2142839912076826 3.1505618875681782 11.824281516251371 6.286633561618939 1.525817325749697 7.913294838154293 6.793210306186656]
343,1,1001,0,0,0,1,0,TRUE,10,Normal mean = 0,0.7,3,100,[8.018004006956918 -0.401283616754938 6.501925540589962 0.9336488204336992 -1.8915950593235094 6.322888689738344 5.7071465263840535 6.531704741961167 2.5238130907643925 5.8274064680319215]
344,1,1001,0,0,0,1,0,TRUE,10,Normal mean = 0,0.7,4,100,[-0.04862296643198574 5.349771461349629 7.047710596257529 11.375917181659336 3.651564569493699 10.43877055717507 6.0807316389538935 9.108909475434565 4.0317871677151 6.804838053822015]
345,1,1001,0,0,0,1,0,TRUE,10,Normal mean = 0,0.7,5,100,[6.686492638247922 3.926669188490889 0.2931653065537416 8.641885253620318 6.082300713212687 3.3461273701578507 -0.5891543311000863 0.5413581245652964 0.6046127988499349 3.159274628580059]
346,1,1001,0,0,0,1,0,TRUE,10,Normal mean = 0,0.7,6,100,[9.031433429186412 2.953775448418561 8.70331386333427 0.10545686582291362 7.475478629663261 6.446117749579954 6.151654179924195 7.798493300185363 4.117651346413106 9.688350960826805]
348,1,1001,0,0,0,1,0,TRUE,10,Normal mean = 0,0.7,8,100,[2.261787431369312 17.106714329770842 6.31480724695149 3.517293477212465 1.0064860212520566 2.913070230007825 4.487311161659382 -0.035100220204057286 -0.030783586748798192 2.68218183086253]
347,1,1001,0,0,0,1,0,TRUE,10,Normal mean = 0,0.7,7,100,[-2.7609617876963557 3.1461195973621803 3.3758637312264046 2.892020041182717 4.276745702205278 -1.2478095287912958 -0.18240170811622441 4.24971193675776 3.1222589766899427 5.479425638215217]
350,1,1001,0,0,0,1,0,TRUE,10,Normal mean = 0,0.7,10,100,[2.331548552698838 4.774203381447554 2.7363481245195524 2.8036638086465278 -0.7252527067053879 3.900403059772703 -2.9438194269408804 4.747568318362843 4.365050904340054 5.6819117429354025]
349,1,1001,0,0,0,1,0,TRUE,10,Normal mean = 0,0.7,9,100,[17.53354412537153 6.112595466768444 2.904124231701716 2.438297116588391 3.3734491926617847 1.3916779495851774 3.4113033541464284 -1.744777188478076 3.3123120989187105 4.8877255634923795]
351,1,1001,0,0,0,1,0,TRUE,10,Normal mean = 0,0.75,1,100,[4.177866106681739 8.125053576600816 13.698386551921402 1.326808454749965 2.9278911571212234 7.524328101867871 6.025851475704931 5.468250857136948 5.826527988344097 3.5775591131505937]
352,1,1001,0,0,0,1,0,TRUE,10,Normal mean = 0,0.75,2,100,[4.86630009283177 5.150000354655487 3.66106928143996 1.8711742471582367 9.366116909071946 5.270074971726606 1.7176086503239862 7.180079615690968 0.5544832367740702 1.7105251723258377]
354,1,1001,0,0,0,1,0,TRUE,10,Normal mean = 0,0.75,4,100,[0.2734528145112012 9.785404658456837 5.776157261669444 3.4846471582132486 3.402854724410299 2.9349549898100165 6.858736873119569 7.972666570592787 8.13777083892568 10.802307803240703]
353,1,1001,0,0,0,1,0,TRUE,10,Normal mean = 0,0.75,3,100,[-0.6559388021588287 3.316766252396077 9.518801072151211 4.713248575941664 8.451217366178549 2.9438740779712957 12.321752046181627 4.8209181590155215 4.585028143090502 8.36016246077893]
355,1,1001,0,0,0,1,0,TRUE,10,Normal mean = 0,0.75,5,100,[2.229682578835714 10.64287745353085 18.935988884507534 9.801139769300315 1.3825420455366426 2.8183054578782714 1.759043299725201 0.26506613623002506 0.19547147390083877 1.5240430447023696]
356,1,1001,0,0,0,1,0,TRUE,10,Normal mean = 0,0.75,6,100,[1.307386403884156 9.338328385252337 6.787592909733332 5.027488401515235 -1.2671571097600547 2.2499434043598963 3.6582613673891107 2.8958634311614193 2.1443700410392545 4.755249127620778]
357,1,1001,0,0,0,1,0,TRUE,10,Normal mean = 0,0.75,7,100,[6.363740760845867 9.218207813511581 10.024385232283876 2.1479911403048915 -0.7407138741986459 1.9552588726479303 3.038075185894759 2.3880333177148008 2.85423436467329 3.714592557637039]
358,1,1001,0,0,0,1,0,TRUE,10,Normal mean = 0,0.75,8,100,[-0.07823997772099273 8.464706319811796 3.3730547529539283 -0.5181592008182371 1.7348120202372925 -0.13921249450039486 2.672602241476716 2.3703414618081493 4.245297496024022 2.235936387116255]
359,1,1001,0,0,0,1,0,TRUE,10,Normal mean = 0,0.75,9,100,[3.941235856704134 3.9850742928325693 -4.335510925833688 5.09106177471652 3.5569608803397617 2.6784096006013587 3.6749174739631596 4.335154462049403 5.204401665730658 4.901650685520289]
360,1,1001,0,0,0,1,0,TRUE,10,Normal mean = 0,0.75,10,100,[4.303431362515035 5.613576201535685 3.79294117849764 1.4005281162089598 5.448255879787698 3.0378655899204685 2.0132660571988863 4.547983838710281 4.70023418732823 5.754416578451904]
361,1,1001,0,0,0,1,0,TRUE,10,Normal mean = 0,0.8,1,100,[4.288529691274655 1.4658222529392526 1.9730362584290309 3.064691085155356 6.5458749019935505 5.95155480668538 13.695924578535848 -1.2478649482889725 7.04422910152053 4.477758236501763]
364,1,1001,0,0,0,1,0,TRUE,10,Normal mean = 0,0.8,4,100,[6.647324809922651 2.5708612302255007 22.847526188978637 -5.186041392920558 1.2107796347588753 1.2077115574380708 9.518724408240475 11.001097400514773 6.8346838154234275 10.845990294356854]
363,1,1001,0,0,0,1,0,TRUE,10,Normal mean = 0,0.8,3,100,[-1.5050036014415114 4.7977025657806225 -0.2988243549534648 3.9057832177413285 11.77249183197887 9.163459000074626 7.241380343709002 15.870443346185697 14.720912596341604 19.54708063875202]
362,1,1001,0,0,0,1,0,TRUE,10,Normal mean = 0,0.8,2,100,[3.285283204729087 3.1315573436474704 2.3538510895262785 -0.3123371665085735 3.6253586648424942 -0.07707997546505796 2.02477775908876 13.052132152965829 3.016110961326804 2.6429975797099488]
365,1,1001,0,0,0,1,0,TRUE,10,Normal mean = 0,0.8,5,100,[8.951815087496191 3.321266130593796 0.0963119022372587 9.098164995658726 2.3567011729968614 -0.939990950812487 1.7222706081300698 2.5839827689706767 2.9633666917107355 3.5920067241075344]
366,1,1001,0,0,0,1,0,TRUE,10,Normal mean = 0,0.8,6,100,[2.8922206909788337 8.934194100050313 6.265983430611126 1.3774438585598827 4.662868865826543 5.2682634323879185 5.230926419884362 4.164985018090494 4.730870911714421 4.995687923494782]
367,1,1001,0,0,0,1,0,TRUE,10,Normal mean = 0,0.8,7,100,[5.168419628987671 3.51056144563406 4.5649876504175175 9.767666146234014 8.542812319191173 7.226393762660876 8.660177253883225 8.11302082684175 7.788885364722672 9.738281019057291]
368,1,1001,0,0,0,1,0,TRUE,10,Normal mean = 0,0.8,8,100,[7.8859529817782 8.981856729555323 -0.21240172013764014 3.1126841037737067 2.7726373604336065 1.2340546883173162 0.29036488171222485 2.382760985023411 -2.130914999485835 0.3609225285514146]
369,1,1001,0,0,0,1,0,TRUE,10,Normal mean = 0,0.8,9,100,[-3.3208194529003783 0.6615055468083587 1.984459314992022 2.460861689319993 4.202204994257823 5.280927846506329 2.350196765890932 1.4942037391488336 1.8175938679501726 3.1109854331710913]
371,1,1001,0,0,0,1,0,TRUE,10,Normal mean = 0,0.85,1,100,[3.651491228772359 5.545432338390693 0.32686284310510444 0.10809386207071126 8.596601116621253 4.169326511088908 13.466586226996569 6.212381651780347 7.993795792744092 9.732195936798337]
370,1,1001,0,0,0,1,0,TRUE,10,Normal mean = 0,0.8,10,100,[8.396505458950418 7.472831330241344 6.325803563910218 7.168622981416079 8.445207132842476 7.880158625686238 7.0937030392394265 7.893069985085475 7.133888502045416 9.720743366843212]
373,1,1001,0,0,0,1,0,TRUE,10,Normal mean = 0,0.85,3,100,[1.1038317173932612 4.479548271866027 3.127960908619429 11.382483563987455 7.627140208182964 13.624632155898754 -0.9620806276666531 0.2888358566283567 0.8733858551284148 1.2087207784590008]
374,1,1001,0,0,0,1,0,TRUE,10,Normal mean = 0,0.85,4,100,[7.078362461433909 4.797765922373771 1.31708333991061 3.1616963594728245 2.299952120607502 0.05639217314545855 6.553599825183655 4.998345912266256 5.653064227513248 6.4819057989436795]
372,1,1001,0,0,0,1,0,TRUE,10,Normal mean = 0,0.85,2,100,[7.640020991117906 1.4617473851944918 5.8104497092255425 4.79121511771538 0.23643037998617128 3.2083887187970124 4.06103170631471 2.289663007697032 7.32941836353768 8.10863735854198]
375,1,1001,0,0,0,1,0,TRUE,10,Normal mean = 0,0.85,5,100,[0.8314970055677924 5.493917449293948 6.883562458984673 8.96195397528916 0.3961452526239361 4.662309006384953 8.082506883073616 7.234069071672534 6.16630070037314 8.02124889833623]
376,1,1001,0,0,0,1,0,TRUE,10,Normal mean = 0,0.85,6,100,[10.536784888755843 3.5657981315650438 -3.2411833885046644 6.408254175678651 4.749975408629567 5.648985134692477 5.196098971234423 3.8063826411043284 6.5543680383810505 6.759430421944083]
377,1,1001,0,0,0,1,0,TRUE,10,Normal mean = 0,0.85,7,100,[1.377901726746446 3.59513241944341 3.0755100086003333 -1.3467271308414468 0.6431357039859804 -2.1415290153306925 -0.28079656684522225 2.1748163750408382 0.5579468222908901 -1.2538624316125915]
378,1,1001,0,0,0,1,0,TRUE,10,Normal mean = 0,0.85,8,100,[-2.4445217962297883 3.31801724862973 4.479300317120605 5.709827091008703 5.004296650084727 5.739621931450706 5.6499516958227245 5.546786887897358 6.213334580341659 6.6623684850157305]
379,1,1001,0,0,0,1,0,TRUE,10,Normal mean = 0,0.85,9,100,[3.4934862671868556 2.98293207228159 1.9100016872172199 1.8311095945995146 2.2198662225530206 2.34916399613877 0.2713618254034775 1.6458704440577354 3.55648179122011 3.097928929638514]
380,1,1001,0,0,0,1,0,TRUE,10,Normal mean = 0,0.85,10,100,[-1.5822876447306005 -1.608331284421007 1.1645875261726593 3.468716403798755 2.500781017664112 2.3980016491832106 -2.712270456591618 3.1187987909044397 4.158123970434799 3.115080098450896]
381,1,1001,0,0,0,1,0,TRUE,10,Normal mean = 0,0.9,1,100,[3.553596459731284 2.83473250327934 0.9297433066226856 2.27785804402171 6.199827744980914 7.649423982970699 9.402975528964282 -2.8047647268854425 9.539122133239157 7.372871625255432]
383,1,1001,0,0,0,1,0,TRUE,10,Normal mean = 0,0.9,3,100,[6.257091167730801 5.070046380290314 2.859593078338642 3.4620710154847854 12.554840112611531 11.407331490729991 3.118170205988916 1.8243770451310337 0.43940076134230344 1.0599660740693329]
382,1,1001,0,0,0,1,0,TRUE,10,Normal mean = 0,0.9,2,100,[7.728621583444601 1.9230407627698505 3.1700150447283013 2.1032404158578966 2.833332395452079 6.5429598416955095 5.2721213514675025 1.9820807301610253 5.956153001113994 6.725482573114102]
384,1,1001,0,0,0,1,0,TRUE,10,Normal mean = 0,0.9,4,100,[6.894690165005409 2.2205918185004716 3.4779702800272587 0.40602976393670337 3.6755737239959094 -0.48554208712174707 15.461207429317962 14.589437594965746 14.491329500910311 16.282831025596032]
385,1,1001,0,0,0,1,0,TRUE,10,Normal mean = 0,0.9,5,100,[9.1089270375778 4.222385054942407 4.361264143252964 0.07170870982701862 5.717549022603889 2.1478525489726157 4.366928472441022 3.1438512959285387 2.621148157624442 3.185548854584792]
387,1,1001,0,0,0,1,0,TRUE,10,Normal mean = 0,0.9,7,100,[10.239628578898063 0.2053676412763835 -1.8954520260061414 8.810651370202834 8.775831437923383 8.66889633615288 9.051866929980426 10.860050347966679 10.252602930017929 10.257799266285526]
386,1,1001,0,0,0,1,0,TRUE,10,Normal mean = 0,0.9,6,100,[2.789632322230125 4.990158673292385 3.906446972257266 -1.7738905800874165 1.5379408618784545 2.560087300650061 2.3472019232598313 2.09146134099553 1.9108149043600495 2.2622418182379795]
388,1,1001,0,0,0,1,0,TRUE,10,Normal mean = 0,0.9,8,100,[-2.230509144392003 3.6625056818840354 3.6918301085016534 3.8012978048455754 3.4793166636690227 4.490895180881452 4.542428005487765 4.495787799310098 3.38362664439267 4.780007214568169]
389,1,1001,0,0,0,1,0,TRUE,10,Normal mean = 0,0.9,9,100,[-3.367450492450805 2.659796266984376 3.0593571652196347 2.9132896699051263 3.1618344360933337 3.7509135031370677 2.6062388182342624 2.6547484441969083 2.529742073879355 2.7965788892065]
390,1,1001,0,0,0,1,0,TRUE,10,Normal mean = 0,0.9,10,100,[3.7770624216680777 3.5095665513272736 3.6469435566621993 3.7883077369831977 4.1575360125259095 4.697900653324264 2.947610484946532 3.78001998262054 4.77318482263589 4.416836890978367]
391,1,1001,0,0,0,1,0,TRUE,10,Normal mean = 0,0.95,1,100,[1.936939612691969 12.446859801128788 1.4682431415197246 0.5259492364100726 12.650909968192824 1.551627936683913 1.5785176832099306 7.164501376165614 4.644257358383254 10.437268719461773]
392,1,1001,0,0,0,1,0,TRUE,10,Normal mean = 0,0.95,2,100,[11.37257355607587 6.462365840269429 9.371263920456718 3.2034598100251905 4.976945989809158 7.819278691193248 10.868571297084527 10.635985591948835 7.247019701916968 7.492931621452185]
393,1,1001,0,0,0,1,0,TRUE,10,Normal mean = 0,0.95,3,100,[1.489877107779088 5.164260640444731 5.216093897375071 1.4334572538071595 4.234163761458741 7.840043251644643 4.017131258131798 6.517553004616744 6.3175881756794094 6.288476260470436]
394,1,1001,0,0,0,1,0,TRUE,10,Normal mean = 0,0.95,4,100,[7.543773746201328 4.3210640098768565 6.109720989623978 -0.7374835340244206 7.9016569894396955 4.288889036581316 5.396150598741187 6.002240338538158 5.870717442389516 6.218676608379861]
395,1,1001,0,0,0,1,0,TRUE,10,Normal mean = 0,0.95,5,100,[9.49021005236872 14.607563214076531 1.4807968326073238 2.3288745386523324 7.2537072885105935 3.2476775835092098 3.5740816119308763 3.5643295905808046 3.01359671806131 3.6395254258496896]
396,1,1001,0,0,0,1,0,TRUE,10,Normal mean = 0,0.95,6,100,[0.8669811131223985 5.966676736173469 1.1236744359886361 2.6968637113810052 4.209616652523995 4.662688769078814 3.643645382249792 3.789809425298637 4.0469369240160535 4.11227700205792]
398,1,1001,0,0,0,1,0,TRUE,10,Normal mean = 0,0.95,8,100,[3.1098442010502865 -2.8518821160071193 4.078836452378635 4.70073308947991 4.812398613547237 4.339963380936186 4.816353876157028 4.281797539079323 4.02641811373083 4.615422457958651]
397,1,1001,0,0,0,1,0,TRUE,10,Normal mean = 0,0.95,7,100,[7.25211544791391 6.816184015090274 6.748596436372397 2.5933697550870516 2.6925613794096055 2.5825655842145347 2.7910959330394842 1.95440099093077 2.4917042244445895 2.7853472038746294]
400,1,1001,0,0,0,1,0,TRUE,10,Normal mean = 0,0.95,10,100,[10.133349814693531 10.043485186496756 10.062119115677042 9.999752947698559 9.629017339060104 9.767460165997859 9.406894962849474 9.611816387538056 10.052496912492598 10.524775882212692]
399,1,1001,0,0,0,1,0,TRUE,10,Normal mean = 0,0.95,9,100,[4.450233667338555 2.5201489339690544 3.2739010855039545 2.491600941682784 2.425837620226696 3.006503794306236 2.538753983300145 3.0075859734931476 2.760906625382664 3.1208202571595596]
401,1,1001,0,0,0,1,0,TRUE,10,Normal mean = 0,1,1,100,[3.839032693761431 7.358524964008083 2.366161920356481 4.433819766611949 8.419400896440534 -0.6114178837946531 16.22980965286801 0.8136003158522174 8.898695175100041 2.9861513827100987]
403,1,1001,0,0,0,1,0,TRUE,10,Normal mean = 0,1,3,100,[2.3231812470852704 9.437251532640179 5.197654895042193 6.738720762518932 10.6202996524787 5.947781896610499 5.620781127798694 2.639988956472184 2.639988956472184 2.639988956472184]
402,1,1001,0,0,0,1,0,TRUE,10,Normal mean = 0,1,2,100,[1.3012669838776612 4.735632171049617 11.911875314997193 7.549010635565363 13.446804652553494 0.2279344036416796 2.749020653070664 1.8465736618731339 8.480732303480508 8.480732303480508]
404,1,1001,0,0,0,1,0,TRUE,10,Normal mean = 0,1,4,100,[-4.153467061149141 11.082880467406916 5.081517576148528 7.701570978407462 8.878597123708863 1.0003809177897813 2.8092147825086045 2.8092147825086045 2.8092147825086045 2.8092147825086045]
405,1,1001,0,0,0,1,0,TRUE,10,Normal mean = 0,1,5,100,[-0.46596127343102695 2.4081564597873752 0.3608914007448019 8.363004007142791 5.215471877825458 2.5371891474862984 2.5371891474862984 2.5371891474862984 2.5371891474862984 2.5371891474862984]
406,1,1001,0,0,0,1,0,TRUE,10,Normal mean = 0,1,6,100,[0.9542633493676766 5.717079266743131 -0.6736214763424103 8.81164480762071 4.527089286753903 4.527089286753903 4.527089286753903 4.527089286753903 4.527089286753903 4.527089286753903]
407,1,1001,0,0,0,1,0,TRUE,10,Normal mean = 0,1,7,100,[6.2603356822168905 0.0854686566104721 2.43682709228887 0.5147007012706775 0.5147007012706775 0.5147007012706775 0.5147007012706775 0.5147007012706775 0.5147007012706775 0.5147007012706775]
409,1,1001,0,0,0,1,0,TRUE,10,Normal mean = 0,1,9,100,[9.801062711281638 11.149165477634122 11.149165477634122 11.149165477634122 11.149165477634122 11.149165477634122 11.149165477634122 11.149165477634122 11.149165477634122 11.149165477634122]
408,1,1001,0,0,0,1,0,TRUE,10,Normal mean = 0,1,8,100,[0.5862795368525324 14.54767592648289 0.10193584946271744 0.10193584946271744 0.10193584946271744 0.10193584946271744 0.10193584946271744 0.10193584946271744 0.10193584946271744 0.10193584946271744]
410,1,1001,0,0,0,1,0,TRUE,10,Normal mean = 0,1,10,100,[0.6013374143474381 0.6013374143474381 0.6013374143474381 0.6013374143474381 0.6013374143474381 0.6013374143474381 0.6013374143474381 0.6013374143474381 0.6013374143474381 0.6013374143474381]
