[run number],number-of-voters,minority-fraction,majority-mean-utility,majority-utility-stdev,minority-mean-utility,minority-utility-stdev,calibration,marginal-pivotality,variance-of-perceived-pivotality,mpp-divided,limit-votes?,payoff-include-votes-cost?,voting-mechanism,[step],mean payoff-sign-list,mean payoff-list,standard-deviation payoff-list,mean vote-sum-list,standard-deviation vote-sum-list,mean mean-median-same-sign-list
1,11,0,0,1,10,1,1. prop8-mean>0,0.5,0,1,FALSE,FALSE,1p1v,1000,0.767,1.311924566,3.835211426,-0.596,3.183538742,0.767
2,11,0,0,1,10,1,1. prop8-mean>0,0.5,0,1,FALSE,FALSE,QV,1000,1,2.730268148,3.698101944,0.687033915,2.193617538,0.78
3,11,0,0,1,10,1,1. prop8-mean>0,0.5,0,10,FALSE,FALSE,1p1v,1000,0.76,1.36975042,3.904400644,-0.51,3.311626016,0.76
4,11,0,0,1,10,1,1. prop8-mean>0,0.5,0,10,FALSE,FALSE,QV,1000,1,2.632308745,3.284762336,0.06423687,0.200458515,0.776
5,11,0,0,1,10,1,1. prop8-mean>0,0.5,0,100,FALSE,FALSE,1p1v,1000,0.795,1.640109402,4.08139084,-0.56,3.293819857,0.795
6,11,0,0,1,10,1,1. prop8-mean>0,0.5,0,100,FALSE,FALSE,QV,1000,1,2.627772966,3.344965536,0.00593314,0.020427556,0.769
7,11,0,0,1,10,1,1. prop8-mean>0,0.5,3.00E-04,1,FALSE,FALSE,1p1v,1000,0.784,1.55280687,3.693560158,-0.342,3.345179551,0.784
8,11,0,0,1,10,1,1. prop8-mean>0,0.5,3.00E-04,1,FALSE,FALSE,QV,1000,0.992,2.519497084,3.18981897,0.574382136,1.949855313,0.794
9,11,0,0,1,10,1,1. prop8-mean>0,0.5,3.00E-04,10,FALSE,FALSE,1p1v,1000,0.766,1.620003243,3.862817462,-0.442,3.233433329,0.766
11,11,0,0,1,10,1,1. prop8-mean>0,0.5,3.00E-04,100,FALSE,FALSE,1p1v,1000,0.791,1.565153684,4.150071869,-0.546,3.336017538,0.791
10,11,0,0,1,10,1,1. prop8-mean>0,0.5,3.00E-04,10,FALSE,FALSE,QV,1000,0.996,2.642284757,3.329813428,0.0639356,0.202127182,0.785
13,11,0,0,1,10,1,1. prop8-mean>0,0.5,0.001,1,FALSE,FALSE,1p1v,1000,0.805,1.501197443,3.654311515,-0.474,3.466892462,0.805
12,11,0,0,1,10,1,1. prop8-mean>0,0.5,3.00E-04,100,FALSE,FALSE,QV,1000,0.99,2.729631392,3.613072507,0.0068722,0.021683005,0.793
14,11,0,0,1,10,1,1. prop8-mean>0,0.5,0.001,1,FALSE,FALSE,QV,1000,0.982,2.604857408,3.421870933,0.616826291,2.066803276,0.798
15,11,0,0,1,10,1,1. prop8-mean>0,0.5,0.001,10,FALSE,FALSE,1p1v,1000,0.782,1.526903776,4.193149628,-0.44,3.242362243,0.782
17,11,0,0,1,10,1,1. prop8-mean>0,0.5,0.001,100,FALSE,FALSE,1p1v,1000,0.732,1.23553842,4.101978411,-0.446,3.278388603,0.732
16,11,0,0,1,10,1,1. prop8-mean>0,0.5,0.001,10,FALSE,FALSE,QV,1000,0.982,2.617781097,3.307678178,0.056630571,0.204741639,0.782
19,11,0,0,1,10,1,1. prop8-mean>0,0.5,0.01,1,FALSE,FALSE,1p1v,1000,0.788,1.610129297,4.177941242,-0.576,3.280088868,0.788
18,11,0,0,1,10,1,1. prop8-mean>0,0.5,0.001,100,FALSE,FALSE,QV,1000,0.988,2.622013778,3.5446735,0.006177596,0.021008884,0.77
21,11,0,0,1,10,1,1. prop8-mean>0,0.5,0.01,10,FALSE,FALSE,1p1v,1000,0.78,1.704269554,3.780570088,-0.414,3.310523156,0.78
20,11,0,0,1,10,1,1. prop8-mean>0,0.5,0.01,1,FALSE,FALSE,QV,1000,0.952,2.453546103,2.941671879,0.560459223,1.84781442,0.774
23,11,0,0,1,10,1,1. prop8-mean>0,0.5,0.01,100,FALSE,FALSE,1p1v,1000,0.781,1.461243713,3.807800575,-0.35,3.363452514,0.781
22,11,0,0,1,10,1,1. prop8-mean>0,0.5,0.01,10,FALSE,FALSE,QV,1000,0.936,2.48432539,3.217272291,0.053517962,0.1997189,0.767
25,11,0,0,1,10,1,1. prop8-mean>0,0.5,0.02,1,FALSE,FALSE,1p1v,1000,0.789,1.578098685,4.272792077,-0.368,3.404139269,0.789
24,11,0,0,1,10,1,1. prop8-mean>0,0.5,0.01,100,FALSE,FALSE,QV,1000,0.948,2.657481418,3.5516878,0.00668633,0.021802134,0.8
27,11,0,0,1,10,1,1. prop8-mean>0,0.5,0.02,10,FALSE,FALSE,1p1v,1000,0.769,1.474103141,4.302716349,-0.526,3.294567981,0.769
26,11,0,0,1,10,1,1. prop8-mean>0,0.5,0.02,1,FALSE,FALSE,QV,1000,0.923,2.555417666,3.328107561,0.568228149,2.059479875,0.792
28,11,0,0,1,10,1,1. prop8-mean>0,0.5,0.02,10,FALSE,FALSE,QV,1000,0.932,2.770340744,3.742809055,0.074949366,0.233376855,0.791
29,11,0,0,1,10,1,1. prop8-mean>0,0.5,0.02,100,FALSE,FALSE,1p1v,1000,0.758,1.3601714,4.524885823,-0.616,3.409423436,0.758
30,11,0,0,1,10,1,1. prop8-mean>0,0.5,0.02,100,FALSE,FALSE,QV,1000,0.927,2.662330073,3.63232631,0.00650536,0.02314187,0.784
31,11,0,0,1,10,1,1. prop8-mean>0,0.5,0.03,1,FALSE,FALSE,1p1v,1000,0.785,1.44348204,3.979599885,-0.388,3.365231163,0.785
33,11,0,0,1,10,1,1. prop8-mean>0,0.5,0.03,10,FALSE,FALSE,1p1v,1000,0.781,1.53450801,3.757741398,-0.422,3.353977514,0.781
32,11,0,0,1,10,1,1. prop8-mean>0,0.5,0.03,1,FALSE,FALSE,QV,1000,0.906,2.549196455,3.313871523,0.678125564,2.131955398,0.765
35,11,0,0,1,10,1,1. prop8-mean>0,0.5,0.03,100,FALSE,FALSE,1p1v,1000,0.811,1.821681751,4.247985767,-0.31,3.324297061,0.811
34,11,0,0,1,10,1,1. prop8-mean>0,0.5,0.03,10,FALSE,FALSE,QV,1000,0.904,2.593717112,3.46137495,0.068784475,0.220692634,0.795
37,11,0,0,1,10,1,1. prop8-mean>0,0.5,0.04,1,FALSE,FALSE,1p1v,1000,0.765,1.572185263,4.11244074,-0.458,3.376631108,0.765
36,11,0,0,1,10,1,1. prop8-mean>0,0.5,0.03,100,FALSE,FALSE,QV,1000,0.917,2.459671832,3.411847623,0.005612568,0.021255046,0.763
39,11,0,0,1,10,1,1. prop8-mean>0,0.5,0.04,10,FALSE,FALSE,1p1v,1000,0.771,1.642691861,3.794267562,-0.456,3.296502833,0.771
38,11,0,0,1,10,1,1. prop8-mean>0,0.5,0.04,1,FALSE,FALSE,QV,1000,0.898,2.614136225,3.652499895,0.698952447,2.374697372,0.759
40,11,0,0,1,10,1,1. prop8-mean>0,0.5,0.04,10,FALSE,FALSE,QV,1000,0.9,2.625923154,3.515987115,0.067538696,0.238119571,0.774
41,11,0,0,1,10,1,1. prop8-mean>0,0.5,0.04,100,FALSE,FALSE,1p1v,1000,0.796,1.680292078,4.20864265,-0.374,3.347735254,0.796
43,11,0,0,1,10,1,1. prop8-mean>0,0.5,0.05,1,FALSE,FALSE,1p1v,1000,0.787,1.592992878,3.517519513,-0.55,3.239134451,0.787
42,11,0,0,1,10,1,1. prop8-mean>0,0.5,0.04,100,FALSE,FALSE,QV,1000,0.888,2.54721414,3.522286711,0.005583573,0.022111074,0.782
45,11,0,0,1,10,1,1. prop8-mean>0,0.5,0.05,10,FALSE,FALSE,1p1v,1000,0.782,1.618680871,4.245019819,-0.35,3.34435116,0.782
44,11,0,0,1,10,1,1. prop8-mean>0,0.5,0.05,1,FALSE,FALSE,QV,1000,0.872,2.165693065,3.098581581,0.458204236,2.04234982,0.772
47,11,0,0,1,10,1,1. prop8-mean>0,0.5,0.05,100,FALSE,FALSE,1p1v,1000,0.743,1.297002762,3.825432949,-0.586,3.227851146,0.743
46,11,0,0,1,10,1,1. prop8-mean>0,0.5,0.05,10,FALSE,FALSE,QV,1000,0.88,2.435028875,3.470542421,0.061104751,0.212153189,0.792
49,11,0,0,1,10,1,1. prop8-mean>0,0.5,0.06,1,FALSE,FALSE,1p1v,1000,0.79,1.562318762,3.854779673,-0.41,3.363809628,0.79
48,11,0,0,1,10,1,1. prop8-mean>0,0.5,0.05,100,FALSE,FALSE,QV,1000,0.893,2.491161988,3.532139923,0.005881808,0.022416176,0.802
50,11,0,0,1,10,1,1. prop8-mean>0,0.5,0.06,1,FALSE,FALSE,QV,1000,0.858,2.222041819,3.053832322,0.537815451,2.002709945,0.758
51,11,0,0,1,10,1,1. prop8-mean>0,0.5,0.06,10,FALSE,FALSE,1p1v,1000,0.763,1.692649103,3.859961977,-0.306,3.371309794,0.763
52,11,0,0,1,10,1,1. prop8-mean>0,0.5,0.06,10,FALSE,FALSE,QV,1000,0.873,2.243410429,3.175064042,0.049476947,0.199241534,0.803
53,11,0,0,1,10,1,1. prop8-mean>0,0.5,0.06,100,FALSE,FALSE,1p1v,1000,0.776,1.582124315,3.917267283,-0.392,3.273079444,0.776
55,11,0,0,1,10,1,1. prop8-mean>0,0.5,0.07,1,FALSE,FALSE,1p1v,1000,0.791,1.783823256,3.828551181,-0.352,3.322519396,0.791
54,11,0,0,1,10,1,1. prop8-mean>0,0.5,0.06,100,FALSE,FALSE,QV,1000,0.854,2.469222659,3.960982552,0.006917415,0.025659021,0.776
57,11,0,0,1,10,1,1. prop8-mean>0,0.5,0.07,10,FALSE,FALSE,1p1v,1000,0.771,1.48206481,4.05113562,-0.494,3.409338292,0.771
56,11,0,0,1,10,1,1. prop8-mean>0,0.5,0.07,1,FALSE,FALSE,QV,1000,0.853,2.423366838,3.770902054,0.638679049,2.345890736,0.771
59,11,0,0,1,10,1,1. prop8-mean>0,0.5,0.07,100,FALSE,FALSE,1p1v,1000,0.775,1.307215168,3.985369607,-0.518,3.405770878,0.775
58,11,0,0,1,10,1,1. prop8-mean>0,0.5,0.07,10,FALSE,FALSE,QV,1000,0.863,2.486772281,3.669042199,0.059708573,0.229068024,0.791
61,11,0,0,1,10,1,1. prop8-mean>0,0.5,0.08,1,FALSE,FALSE,1p1v,1000,0.782,1.786224363,4.189940756,-0.484,3.375372148,0.782
60,11,0,0,1,10,1,1. prop8-mean>0,0.5,0.07,100,FALSE,FALSE,QV,1000,0.888,2.615058871,3.857085072,0.007687219,0.025540329,0.781
63,11,0,0,1,10,1,1. prop8-mean>0,0.5,0.08,10,FALSE,FALSE,1p1v,1000,0.778,1.572700564,3.966127213,-0.414,3.254411651,0.778
62,11,0,0,1,10,1,1. prop8-mean>0,0.5,0.08,1,FALSE,FALSE,QV,1000,0.844,2.246500946,3.34332036,0.519857184,2.239376195,0.763
65,11,0,0,1,10,1,1. prop8-mean>0,0.5,0.08,100,FALSE,FALSE,1p1v,1000,0.756,1.647413242,3.938005127,-0.37,3.233814707,0.756
64,11,0,0,1,10,1,1. prop8-mean>0,0.5,0.08,10,FALSE,FALSE,QV,1000,0.859,2.261761834,3.407303869,0.057552966,0.240337797,0.773
66,11,0,0,1,10,1,1. prop8-mean>0,0.5,0.08,100,FALSE,FALSE,QV,1000,0.859,2.409303282,3.767354825,0.006505045,0.024452408,0.785
67,11,0,0,1,10,1,1. prop8-mean>0,0.5,0.083,1,FALSE,FALSE,1p1v,1000,0.777,1.538905602,3.948371595,-0.742,3.375919554,0.777
69,11,0,0,1,10,1,1. prop8-mean>0,0.5,0.083,10,FALSE,FALSE,1p1v,1000,0.786,1.623959492,3.730625046,-0.432,3.310639868,0.786
68,11,0,0,1,10,1,1. prop8-mean>0,0.5,0.083,1,FALSE,FALSE,QV,1000,0.848,2.444145645,3.767102405,0.622083721,2.425091523,0.782
71,11,0,0,1,10,1,1. prop8-mean>0,0.5,0.083,100,FALSE,FALSE,1p1v,1000,0.776,1.451612252,4.049287891,-0.372,3.304623509,0.776
70,11,0,0,1,10,1,1. prop8-mean>0,0.5,0.083,10,FALSE,FALSE,QV,1000,0.859,2.510057155,3.799009282,0.079325303,0.250037702,0.77
73,51,0,0,1,10,1,1. prop8-mean>0,0.5,0,1,FALSE,FALSE,1p1v,1000,0.612,1.846652094,9.98164066,-2.26,6.732735679,0.612
72,11,0,0,1,10,1,1. prop8-mean>0,0.5,0.083,100,FALSE,FALSE,QV,1000,0.846,2.271560636,3.294665365,0.006763181,0.023276538,0.795
74,51,0,0,1,10,1,1. prop8-mean>0,0.5,0,1,FALSE,FALSE,QV,1000,1,7.430679184,7.52234091,2.816362151,4.474833342,0.667
75,51,0,0,1,10,1,1. prop8-mean>0,0.5,0,10,FALSE,FALSE,1p1v,1000,0.61,1.892682941,10.64974217,-1.936,6.866954133,0.61
76,51,0,0,1,10,1,1. prop8-mean>0,0.5,0,10,FALSE,FALSE,QV,1000,1,7.637547582,7.457649033,0.27499619,0.457513965,0.625
77,51,0,0,1,10,1,1. prop8-mean>0,0.5,0,100,FALSE,FALSE,1p1v,1000,0.617,1.789188226,9.821077368,-2.38,7.107891538,0.617
78,51,0,0,1,10,1,1. prop8-mean>0,0.5,0,100,FALSE,FALSE,QV,1000,1,7.24093425,6.894981438,0.026701757,0.042271882,0.604
79,51,0,0,1,10,1,1. prop8-mean>0,0.5,3.00E-04,1,FALSE,FALSE,1p1v,1000,0.597,1.505019776,9.938297878,-2.028,6.923521586,0.597
81,51,0,0,1,10,1,1. prop8-mean>0,0.5,3.00E-04,10,FALSE,FALSE,1p1v,1000,0.651,2.581134133,10.68083397,-1.864,7.139220719,0.651
80,51,0,0,1,10,1,1. prop8-mean>0,0.5,3.00E-04,1,FALSE,FALSE,QV,1000,0.997,7.669917951,7.437538251,2.873257891,4.493511101,0.657
82,51,0,0,1,10,1,1. prop8-mean>0,0.5,3.00E-04,10,FALSE,FALSE,QV,1000,0.985,7.405314483,7.475450997,0.282727474,0.445175582,0.645
83,51,0,0,1,10,1,1. prop8-mean>0,0.5,3.00E-04,100,FALSE,FALSE,1p1v,1000,0.625,1.859634014,10.23836484,-1.976,6.981702383,0.625
85,51,0,0,1,10,1,1. prop8-mean>0,0.5,0.001,1,FALSE,FALSE,1p1v,1000,0.616,1.510496884,10.42112554,-2.132,6.769667969,0.616
84,51,0,0,1,10,1,1. prop8-mean>0,0.5,3.00E-04,100,FALSE,FALSE,QV,1000,0.993,7.581626718,7.351560638,0.029288312,0.04388284,0.635
87,51,0,0,1,10,1,1. prop8-mean>0,0.5,0.001,10,FALSE,FALSE,1p1v,1000,0.601,1.656899715,9.63825393,-2.32,7.154074418,0.601
86,51,0,0,1,10,1,1. prop8-mean>0,0.5,0.001,1,FALSE,FALSE,QV,1000,0.979,7.637475319,7.343215493,2.976355251,4.416023141,0.645
88,51,0,0,1,10,1,1. prop8-mean>0,0.5,0.001,10,FALSE,FALSE,QV,1000,0.992,7.440548239,7.309036822,0.286360119,0.435408095,0.629
89,51,0,0,1,10,1,1. prop8-mean>0,0.5,0.001,100,FALSE,FALSE,1p1v,1000,0.653,2.530491105,10.17685444,-1.784,7.250235162,0.653
90,51,0,0,1,10,1,1. prop8-mean>0,0.5,0.001,100,FALSE,FALSE,QV,1000,0.987,7.263824969,7.401970549,0.027254164,0.043986058,0.625
91,51,0,0,1,10,1,1. prop8-mean>0,0.5,0.01,1,FALSE,FALSE,1p1v,1000,0.623,2.167007702,10.4927378,-2.19,7.24820229,0.623
93,51,0,0,1,10,1,1. prop8-mean>0,0.5,0.01,10,FALSE,FALSE,1p1v,1000,0.654,2.459114849,10.6249333,-1.722,7.225435829,0.654
92,51,0,0,1,10,1,1. prop8-mean>0,0.5,0.01,1,FALSE,FALSE,QV,1000,0.95,7.389331975,7.386113399,2.876402433,4.350330375,0.637
95,51,0,0,1,10,1,1. prop8-mean>0,0.5,0.01,100,FALSE,FALSE,1p1v,1000,0.623,1.958708069,9.889627606,-2.052,7.001593984,0.623
94,51,0,0,1,10,1,1. prop8-mean>0,0.5,0.01,10,FALSE,FALSE,QV,1000,0.952,7.711947006,8.170321953,0.301437213,0.48023707,0.637
97,51,0,0,1,10,1,1. prop8-mean>0,0.5,0.02,1,FALSE,FALSE,1p1v,1000,0.613,2.285085477,10.68368448,-2.08,7.313486657,0.613
96,51,0,0,1,10,1,1. prop8-mean>0,0.5,0.01,100,FALSE,FALSE,QV,1000,0.954,7.248144447,7.361945201,0.028139548,0.044566285,0.666
99,51,0,0,1,10,1,1. prop8-mean>0,0.5,0.02,10,FALSE,FALSE,1p1v,1000,0.627,2.484564522,10.14550702,-1.844,7.049635548,0.627
98,51,0,0,1,10,1,1. prop8-mean>0,0.5,0.02,1,FALSE,FALSE,QV,1000,0.937,7.217916245,7.463753268,2.700246728,4.513931051,0.646
100,51,0,0,1,10,1,1. prop8-mean>0,0.5,0.02,10,FALSE,FALSE,QV,1000,0.929,7.017799639,7.18984072,0.264230811,0.450683736,0.643
101,51,0,0,1,10,1,1. prop8-mean>0,0.5,0.02,100,FALSE,FALSE,1p1v,1000,0.635,2.452820873,10.24296626,-1.878,6.961147432,0.635
102,51,0,0,1,10,1,1. prop8-mean>0,0.5,0.02,100,FALSE,FALSE,QV,1000,0.933,7.453447863,7.717202975,0.02769446,0.04696216,0.629
103,51,0,0,1,10,1,1. prop8-mean>0,0.5,0.03,1,FALSE,FALSE,1p1v,1000,0.598,1.696470692,10.19463532,-2.146,6.989387351,0.598
104,51,0,0,1,10,1,1. prop8-mean>0,0.5,0.03,1,FALSE,FALSE,QV,1000,0.923,7.381316198,7.720685198,3.018464407,4.766422783,0.645
105,51,0,0,1,10,1,1. prop8-mean>0,0.5,0.03,10,FALSE,FALSE,1p1v,1000,0.649,2.264498059,9.822320416,-1.518,6.962194205,0.649
107,51,0,0,1,10,1,1. prop8-mean>0,0.5,0.03,100,FALSE,FALSE,1p1v,1000,0.641,2.3639601,10.19825497,-2.114,7.382242309,0.641
106,51,0,0,1,10,1,1. prop8-mean>0,0.5,0.03,10,FALSE,FALSE,QV,1000,0.931,7.325306209,7.64218641,0.277084424,0.47446008,0.646
109,51,0,0,1,10,1,1. prop8-mean>0,0.5,0.04,1,FALSE,FALSE,1p1v,1000,0.629,2.455304729,10.40018158,-2.288,7.225043755,0.629
108,51,0,0,1,10,1,1. prop8-mean>0,0.5,0.03,100,FALSE,FALSE,QV,1000,0.916,7.038145776,7.149100421,0.027853995,0.04376851,0.626
110,51,0,0,1,10,1,1. prop8-mean>0,0.5,0.04,1,FALSE,FALSE,QV,1000,0.903,7.135178838,7.539516669,2.568216714,4.589967198,0.61
111,51,0,0,1,10,1,1. prop8-mean>0,0.5,0.04,10,FALSE,FALSE,1p1v,1000,0.651,2.256943213,10.41557109,-1.662,7.117331832,0.651
112,51,0,0,1,10,1,1. prop8-mean>0,0.5,0.04,10,FALSE,FALSE,QV,1000,0.899,7.358196105,8.298296359,0.29508725,0.508627513,0.635
113,51,0,0,1,10,1,1. prop8-mean>0,0.5,0.04,100,FALSE,FALSE,1p1v,1000,0.628,2.257703442,10.07718828,-1.99,7.233548522,0.628
115,51,0,0,1,10,1,1. prop8-mean>0,0.5,0.05,1,FALSE,FALSE,1p1v,1000,0.642,2.243193285,10.27977958,-2.106,6.982658628,0.642
114,51,0,0,1,10,1,1. prop8-mean>0,0.5,0.04,100,FALSE,FALSE,QV,1000,0.909,7.490915752,7.649013378,0.030121707,0.04773748,0.648
117,51,0,0,1,10,1,1. prop8-mean>0,0.5,0.05,10,FALSE,FALSE,1p1v,1000,0.613,1.954638746,10.68351517,-1.96,7.099916113,0.613
116,51,0,0,1,10,1,1. prop8-mean>0,0.5,0.05,1,FALSE,FALSE,QV,1000,0.916,7.267161766,7.726276374,2.741711015,5.001171932,0.626
119,51,0,0,1,10,1,1. prop8-mean>0,0.5,0.05,100,FALSE,FALSE,1p1v,1000,0.621,2.16760691,10.90756628,-1.986,6.905033199,0.621
118,51,0,0,1,10,1,1. prop8-mean>0,0.5,0.05,10,FALSE,FALSE,QV,1000,0.89,7.036338306,7.568259113,0.263455487,0.489141454,0.636
121,51,0,0,1,10,1,1. prop8-mean>0,0.5,0.06,1,FALSE,FALSE,1p1v,1000,0.612,1.767650558,10.52976254,-2.1,7.282515708,0.612
120,51,0,0,1,10,1,1. prop8-mean>0,0.5,0.05,100,FALSE,FALSE,QV,1000,0.894,6.950268019,7.546421871,0.028380419,0.046986039,0.599
123,51,0,0,1,10,1,1. prop8-mean>0,0.5,0.06,10,FALSE,FALSE,1p1v,1000,0.646,2.701421096,10.70158744,-1.838,7.293486886,0.646
122,51,0,0,1,10,1,1. prop8-mean>0,0.5,0.06,1,FALSE,FALSE,QV,1000,0.9,7.052282351,7.721860267,2.857389496,4.96476952,0.632
125,51,0,0,1,10,1,1. prop8-mean>0,0.5,0.06,100,FALSE,FALSE,1p1v,1000,0.665,2.940936937,11.2375705,-1.838,7.329083945,0.665
124,51,0,0,1,10,1,1. prop8-mean>0,0.5,0.06,10,FALSE,FALSE,QV,1000,0.883,6.617533076,7.279798944,0.266082963,0.473917472,0.63
127,51,0,0,1,10,1,1. prop8-mean>0,0.5,0.07,1,FALSE,FALSE,1p1v,1000,0.622,2.246943099,10.35239145,-2.07,7.12782617,0.622
126,51,0,0,1,10,1,1. prop8-mean>0,0.5,0.06,100,FALSE,FALSE,QV,1000,0.898,6.88032706,7.735743815,0.027391855,0.048606646,0.634
129,51,0,0,1,10,1,1. prop8-mean>0,0.5,0.07,10,FALSE,FALSE,1p1v,1000,0.64,2.11933713,10.64072103,-2.342,7.235425861,0.64
128,51,0,0,1,10,1,1. prop8-mean>0,0.5,0.07,1,FALSE,FALSE,QV,1000,0.869,6.618403005,7.38168708,2.494449863,4.619941445,0.621
130,51,0,0,1,10,1,1. prop8-mean>0,0.5,0.07,10,FALSE,FALSE,QV,1000,0.866,7.135222847,8.1915808,0.292030656,0.48973836,0.602
131,51,0,0,1,10,1,1. prop8-mean>0,0.5,0.07,100,FALSE,FALSE,1p1v,1000,0.628,2.093331591,10.17900422,-1.932,7.008315953,0.628
133,51,0,0,1,10,1,1. prop8-mean>0,0.5,0.08,1,FALSE,FALSE,1p1v,1000,0.636,2.492803607,10.79012256,-1.798,7.089249146,0.636
132,51,0,0,1,10,1,1. prop8-mean>0,0.5,0.07,100,FALSE,FALSE,QV,1000,0.889,7.030692674,7.773556837,0.02928315,0.050605135,0.645
135,51,0,0,1,10,1,1. prop8-mean>0,0.5,0.08,10,FALSE,FALSE,1p1v,1000,0.627,2.188391864,10.34090802,-2.352,7.056194859,0.627
134,51,0,0,1,10,1,1. prop8-mean>0,0.5,0.08,1,FALSE,FALSE,QV,1000,0.875,6.821604615,7.909691468,2.707690539,5.162375059,0.627
137,51,0,0,1,10,1,1. prop8-mean>0,0.5,0.08,100,FALSE,FALSE,1p1v,1000,0.651,2.625608568,10.20311984,-1.924,7.064001991,0.651
136,51,0,0,1,10,1,1. prop8-mean>0,0.5,0.08,10,FALSE,FALSE,QV,1000,0.868,6.999869178,8.063357187,0.285193535,0.5224846,0.63
139,51,0,0,1,10,1,1. prop8-mean>0,0.5,0.083,1,FALSE,FALSE,1p1v,1000,0.633,2.260304116,10.68239313,-2.412,6.963242258,0.633
138,51,0,0,1,10,1,1. prop8-mean>0,0.5,0.08,100,FALSE,FALSE,QV,1000,0.873,7.019725998,7.700384509,0.029974314,0.049937791,0.633
141,51,0,0,1,10,1,1. prop8-mean>0,0.5,0.083,10,FALSE,FALSE,1p1v,1000,0.597,1.766336974,10.26726544,-2.48,6.882511821,0.597
140,51,0,0,1,10,1,1. prop8-mean>0,0.5,0.083,1,FALSE,FALSE,QV,1000,0.868,6.411080444,7.78963359,2.673975386,5.027926954,0.634
143,51,0,0,1,10,1,1. prop8-mean>0,0.5,0.083,100,FALSE,FALSE,1p1v,1000,0.645,3.239743459,10.62196721,-1.832,7.289507042,0.645
142,51,0,0,1,10,1,1. prop8-mean>0,0.5,0.083,10,FALSE,FALSE,QV,1000,0.886,6.814049695,7.762419076,0.266170325,0.512585793,0.638
144,51,0,0,1,10,1,1. prop8-mean>0,0.5,0.083,100,FALSE,FALSE,QV,1000,0.862,6.894538983,8.350877187,0.029721944,0.051886848,0.637
145,101,0,0,1,10,1,1. prop8-mean>0,0.5,0,1,FALSE,FALSE,1p1v,1000,0.49,0.806768783,16.95911996,-4.392,10.00572089,0.49
146,101,0,0,1,10,1,1. prop8-mean>0,0.5,0,1,FALSE,FALSE,QV,1000,1,11.98985581,10.95291167,5.182394695,6.251608223,0.527
147,101,0,0,1,10,1,1. prop8-mean>0,0.5,0,10,FALSE,FALSE,1p1v,1000,0.523,1.353371996,16.56829435,-4.402,10.15822748,0.523
148,101,0,0,1,10,1,1. prop8-mean>0,0.5,0,10,FALSE,FALSE,QV,1000,1,12.85129891,11.10237265,0.579336799,0.620880516,0.484
149,101,0,0,1,10,1,1. prop8-mean>0,0.5,0,100,FALSE,FALSE,1p1v,1000,0.496,0.669036471,16.33508356,-4.468,9.632952287,0.496
150,101,0,0,1,10,1,1. prop8-mean>0,0.5,0,100,FALSE,FALSE,QV,1000,1,12.7607141,11.00860895,0.056272234,0.062729365,0.519
151,101,0,0,1,10,1,1. prop8-mean>0,0.5,3.00E-04,1,FALSE,FALSE,1p1v,1000,0.504,1.263834732,16.22723186,-4.122,9.668432892,0.504
153,101,0,0,1,10,1,1. prop8-mean>0,0.5,3.00E-04,10,FALSE,FALSE,1p1v,1000,0.488,0.065469892,16.13550071,-4.272,9.823569541,0.488
152,101,0,0,1,10,1,1. prop8-mean>0,0.5,3.00E-04,1,FALSE,FALSE,QV,1000,0.993,12.94390169,10.90051015,5.697010274,6.25782719,0.482
154,101,0,0,1,10,1,1. prop8-mean>0,0.5,3.00E-04,10,FALSE,FALSE,QV,1000,0.996,13.44337788,11.023004,0.603485602,0.626629071,0.498
155,101,0,0,1,10,1,1. prop8-mean>0,0.5,3.00E-04,100,FALSE,FALSE,1p1v,1000,0.519,1.337689168,16.36511254,-4.264,10.14382577,0.519
156,101,0,0,1,10,1,1. prop8-mean>0,0.5,3.00E-04,100,FALSE,FALSE,QV,1000,0.991,12.8798099,10.46857966,0.058051163,0.059539605,0.498
157,101,0,0,1,10,1,1. prop8-mean>0,0.5,0.001,1,FALSE,FALSE,1p1v,1000,0.508,1.034094321,16.89653443,-4.038,10.12309404,0.508
159,101,0,0,1,10,1,1. prop8-mean>0,0.5,0.001,10,FALSE,FALSE,1p1v,1000,0.499,1.794276894,17.12196058,-4.494,10.2994195,0.499
158,101,0,0,1,10,1,1. prop8-mean>0,0.5,0.001,1,FALSE,FALSE,QV,1000,0.985,13.03223405,11.03748912,5.710869032,6.338695251,0.516
161,101,0,0,1,10,1,1. prop8-mean>0,0.5,0.001,100,FALSE,FALSE,1p1v,1000,0.52,1.380609995,17.21174121,-4.012,10.08829171,0.52
160,101,0,0,1,10,1,1. prop8-mean>0,0.5,0.001,10,FALSE,FALSE,QV,1000,0.991,12.99741669,10.82518691,0.58548138,0.61402249,0.497
163,101,0,0,1,10,1,1. prop8-mean>0,0.5,0.01,1,FALSE,FALSE,1p1v,1000,0.478,0.206375695,16.44878699,-5.248,10.08524706,0.478
162,101,0,0,1,10,1,1. prop8-mean>0,0.5,0.001,100,FALSE,FALSE,QV,1000,0.989,12.80457712,11.0719476,0.056850462,0.062832986,0.518
164,101,0,0,1,10,1,1. prop8-mean>0,0.5,0.01,1,FALSE,FALSE,QV,1000,0.968,12.45154193,10.60056769,5.597881032,6.058904258,0.505
165,101,0,0,1,10,1,1. prop8-mean>0,0.5,0.01,10,FALSE,FALSE,1p1v,1000,0.528,2.006922692,16.77281799,-3.756,10.06388323,0.528
166,101,0,0,1,10,1,1. prop8-mean>0,0.5,0.01,10,FALSE,FALSE,QV,1000,0.962,12.64149471,11.75695223,0.56842553,0.671849512,0.494
167,101,0,0,1,10,1,1. prop8-mean>0,0.5,0.01,100,FALSE,FALSE,1p1v,1000,0.512,1.381027899,17.01362184,-3.992,10.22861479,0.512
169,101,0,0,1,10,1,1. prop8-mean>0,0.5,0.02,1,FALSE,FALSE,1p1v,1000,0.505,1.376943396,16.61006093,-3.954,9.974034558,0.505
168,101,0,0,1,10,1,1. prop8-mean>0,0.5,0.01,100,FALSE,FALSE,QV,1000,0.978,12.82610049,10.87828907,0.056606157,0.063951742,0.529
171,101,0,0,1,10,1,1. prop8-mean>0,0.5,0.02,10,FALSE,FALSE,1p1v,1000,0.518,1.191323053,17.07015867,-3.71,10.00239711,0.518
170,101,0,0,1,10,1,1. prop8-mean>0,0.5,0.02,1,FALSE,FALSE,QV,1000,0.95,12.97469988,11.5007274,5.81299859,6.774848983,0.511
172,101,0,0,1,10,1,1. prop8-mean>0,0.5,0.02,10,FALSE,FALSE,QV,1000,0.946,13.02843421,11.57407833,0.593770433,0.653819463,0.514
173,101,0,0,1,10,1,1. prop8-mean>0,0.5,0.02,100,FALSE,FALSE,1p1v,1000,0.498,1.191788988,17.06119518,-3.79,9.961482376,0.498
175,101,0,0,1,10,1,1. prop8-mean>0,0.5,0.03,1,FALSE,FALSE,1p1v,1000,0.501,0.55779579,16.03035484,-4.636,9.833626198,0.501
174,101,0,0,1,10,1,1. prop8-mean>0,0.5,0.02,100,FALSE,FALSE,QV,1000,0.95,12.71002971,10.91849623,0.056016042,0.065261296,0.522
177,101,0,0,1,10,1,1. prop8-mean>0,0.5,0.03,10,FALSE,FALSE,1p1v,1000,0.533,2.05335821,16.52614692,-3.792,9.924476371,0.533
176,101,0,0,1,10,1,1. prop8-mean>0,0.5,0.03,1,FALSE,FALSE,QV,1000,0.933,12.3759551,10.80529511,5.527724017,6.419874707,0.519
178,101,0,0,1,10,1,1. prop8-mean>0,0.5,0.03,10,FALSE,FALSE,QV,1000,0.943,12.06890959,11.08617685,0.521543821,0.660218901,0.515
179,101,0,0,1,10,1,1. prop8-mean>0,0.5,0.03,100,FALSE,FALSE,1p1v,1000,0.516,1.431976088,16.7805182,-3.864,10.53624774,0.516
181,101,0,0,1,10,1,1. prop8-mean>0,0.5,0.04,1,FALSE,FALSE,1p1v,1000,0.497,1.28732621,16.52062076,-4.284,10.0189682,0.497
180,101,0,0,1,10,1,1. prop8-mean>0,0.5,0.03,100,FALSE,FALSE,QV,1000,0.935,12.04089381,10.94920861,0.051876001,0.067639191,0.523
183,101,0,0,1,10,1,1. prop8-mean>0,0.5,0.04,10,FALSE,FALSE,1p1v,1000,0.478,0.715671604,16.91091136,-3.804,9.985855061,0.478
182,101,0,0,1,10,1,1. prop8-mean>0,0.5,0.04,1,FALSE,FALSE,QV,1000,0.939,12.82175279,11.09158603,5.904239818,6.752265893,0.507
185,101,0,0,1,10,1,1. prop8-mean>0,0.5,0.04,100,FALSE,FALSE,1p1v,1000,0.543,2.229851187,17.24698322,-3.646,10.44335903,0.543
184,101,0,0,1,10,1,1. prop8-mean>0,0.5,0.04,10,FALSE,FALSE,QV,1000,0.928,12.9153833,11.32510262,0.588460366,0.669382717,0.509
187,101,0,0,1,10,1,1. prop8-mean>0,0.5,0.05,1,FALSE,FALSE,1p1v,1000,0.518,1.271933303,16.97631987,-3.792,10.3017893,0.518
186,101,0,0,1,10,1,1. prop8-mean>0,0.5,0.04,100,FALSE,FALSE,QV,1000,0.925,12.05619676,11.30810421,0.054040344,0.066762787,0.483
188,101,0,0,1,10,1,1. prop8-mean>0,0.5,0.05,1,FALSE,FALSE,QV,1000,0.929,12.95639954,11.37600111,5.565894065,6.822102406,0.503
189,101,0,0,1,10,1,1. prop8-mean>0,0.5,0.05,10,FALSE,FALSE,1p1v,1000,0.515,1.960162251,16.98961887,-3.19,9.786504773,0.515
191,101,0,0,1,10,1,1. prop8-mean>0,0.5,0.05,100,FALSE,FALSE,1p1v,1000,0.505,1.19320624,16.93235971,-3.934,9.876294102,0.505
190,101,0,0,1,10,1,1. prop8-mean>0,0.5,0.05,10,FALSE,FALSE,QV,1000,0.923,12.23179366,11.66460082,0.544099894,0.702328977,0.541
193,101,0,0,1,10,1,1. prop8-mean>0,0.5,0.06,1,FALSE,FALSE,1p1v,1000,0.512,1.487604797,15.21893368,-4.39,10.26612358,0.512
192,101,0,0,1,10,1,1. prop8-mean>0,0.5,0.05,100,FALSE,FALSE,QV,1000,0.923,12.20433579,11.50697531,0.054416133,0.07017373,0.53
194,101,0,0,1,10,1,1. prop8-mean>0,0.5,0.06,1,FALSE,FALSE,QV,1000,0.914,11.7082432,10.78517123,5.472028967,6.53050108,0.501
195,101,0,0,1,10,1,1. prop8-mean>0,0.5,0.06,10,FALSE,FALSE,1p1v,1000,0.507,0.864811791,16.15806398,-4.114,9.466817027,0.507
197,101,0,0,1,10,1,1. prop8-mean>0,0.5,0.06,100,FALSE,FALSE,1p1v,1000,0.491,0.444339259,16.91090129,-4.35,9.620085553,0.491
196,101,0,0,1,10,1,1. prop8-mean>0,0.5,0.06,10,FALSE,FALSE,QV,1000,0.912,12.24100572,11.45837832,0.560828628,0.72351197,0.507
199,101,0,0,1,10,1,1. prop8-mean>0,0.5,0.07,1,FALSE,FALSE,1p1v,1000,0.522,1.943217205,17.78510518,-3.838,10.16016658,0.522
198,101,0,0,1,10,1,1. prop8-mean>0,0.5,0.06,100,FALSE,FALSE,QV,1000,0.918,12.43781109,11.63384701,0.054825799,0.068819554,0.519
201,101,0,0,1,10,1,1. prop8-mean>0,0.5,0.07,10,FALSE,FALSE,1p1v,1000,0.534,1.824841769,17.34661269,-4.036,10.30849014,0.534
200,101,0,0,1,10,1,1. prop8-mean>0,0.5,0.07,1,FALSE,FALSE,QV,1000,0.904,12.55043331,11.61465367,5.916759823,7.146889383,0.502
203,101,0,0,1,10,1,1. prop8-mean>0,0.5,0.07,100,FALSE,FALSE,1p1v,1000,0.498,0.221545454,16.36393139,-4.846,10.19903448,0.498
202,101,0,0,1,10,1,1. prop8-mean>0,0.5,0.07,10,FALSE,FALSE,QV,1000,0.92,12.14753548,11.12880725,0.549030665,0.700041072,0.51
204,101,0,0,1,10,1,1. prop8-mean>0,0.5,0.07,100,FALSE,FALSE,QV,1000,0.904,11.6000441,11.12160428,0.053742829,0.068557517,0.488
205,101,0,0,1,10,1,1. prop8-mean>0,0.5,0.08,1,FALSE,FALSE,1p1v,1000,0.531,2.038000533,16.86182226,-3.614,10.19347394,0.531
207,101,0,0,1,10,1,1. prop8-mean>0,0.5,0.08,10,FALSE,FALSE,1p1v,1000,0.521,1.41019685,16.51108873,-4.306,10.44065953,0.521
206,101,0,0,1,10,1,1. prop8-mean>0,0.5,0.08,1,FALSE,FALSE,QV,1000,0.916,12.69588178,12.01985451,6.076275056,7.641823265,0.514
209,101,0,0,1,10,1,1. prop8-mean>0,0.5,0.08,100,FALSE,FALSE,1p1v,1000,0.494,0.869268858,16.34310565,-3.694,9.907801397,0.494
208,101,0,0,1,10,1,1. prop8-mean>0,0.5,0.08,10,FALSE,FALSE,QV,1000,0.893,11.43403263,11.39879791,0.506382382,0.717829534,0.512
210,101,0,0,1,10,1,1. prop8-mean>0,0.5,0.08,100,FALSE,FALSE,QV,1000,0.903,11.79859699,11.6466268,0.057996784,0.075930671,0.515
211,101,0,0,1,10,1,1. prop8-mean>0,0.5,0.083,1,FALSE,FALSE,1p1v,1000,0.529,1.359399843,16.47137762,-4.33,10.23424838,0.529
213,101,0,0,1,10,1,1. prop8-mean>0,0.5,0.083,10,FALSE,FALSE,1p1v,1000,0.487,0.980225004,16.60148204,-4.472,9.880629678,0.487
212,101,0,0,1,10,1,1. prop8-mean>0,0.5,0.083,1,FALSE,FALSE,QV,1000,0.898,11.54417351,11.25996281,5.349644705,6.93350786,0.527
215,101,0,0,1,10,1,1. prop8-mean>0,0.5,0.083,100,FALSE,FALSE,1p1v,1000,0.51,1.453641365,16.56215671,-3.988,10.11207744,0.51
214,101,0,0,1,10,1,1. prop8-mean>0,0.5,0.083,10,FALSE,FALSE,QV,1000,0.9,12.23369133,11.77870727,0.560352451,0.729221684,0.529
216,101,0,0,1,10,1,1. prop8-mean>0,0.5,0.083,100,FALSE,FALSE,QV,1000,0.887,12.36280701,11.7821168,0.058525502,0.073099075,0.496
217,501,0,0,1,10,1,1. prop8-mean>0,0.5,0,1,FALSE,FALSE,1p1v,1000,0.189,-27.29571681,55.09132336,-20.362,21.45304615,0.189
218,501,0,0,1,10,1,1. prop8-mean>0,0.5,0,1,FALSE,FALSE,QV,1000,1,55.59059745,27.93057272,27.67321648,14.20590448,0.217
219,501,0,0,1,10,1,1. prop8-mean>0,0.5,0,10,FALSE,FALSE,1p1v,1000,0.209,-26.39515375,57.11654388,-18.614,21.54528262,0.209
220,501,0,0,1,10,1,1. prop8-mean>0,0.5,0,10,FALSE,FALSE,QV,1000,1,56.06898563,28.10849344,2.791060074,1.4298949,0.202
221,501,0,0,1,10,1,1. prop8-mean>0,0.5,0,100,FALSE,FALSE,1p1v,1000,0.191,-28.40914274,55.64991609,-18.872,21.65078226,0.191
222,501,0,0,1,10,1,1. prop8-mean>0,0.5,0,100,FALSE,FALSE,QV,1000,1,55.78409024,28.45436288,0.277528146,0.14497169,0.18
223,501,0,0,1,10,1,1. prop8-mean>0,0.5,3.00E-04,1,FALSE,FALSE,1p1v,1000,0.19,-27.61359427,55.11061216,-21.732,22.68856423,0.19
225,501,0,0,1,10,1,1. prop8-mean>0,0.5,3.00E-04,10,FALSE,FALSE,1p1v,1000,0.201,-27.0317295,55.88170616,-19.804,22.01304518,0.201
224,501,0,0,1,10,1,1. prop8-mean>0,0.5,3.00E-04,1,FALSE,FALSE,QV,1000,0.997,55.42628115,27.33371561,27.65521933,13.79203878,0.19
227,501,0,0,1,10,1,1. prop8-mean>0,0.5,3.00E-04,100,FALSE,FALSE,1p1v,1000,0.207,-27.42478645,56.82559146,-20.716,23.07890769,0.207
226,501,0,0,1,10,1,1. prop8-mean>0,0.5,3.00E-04,10,FALSE,FALSE,QV,1000,0.998,55.0413756,27.49114613,2.74373009,1.391448592,0.188
228,501,0,0,1,10,1,1. prop8-mean>0,0.5,3.00E-04,100,FALSE,FALSE,QV,1000,0.999,56.18375719,26.73529282,0.28029833,0.13495406,0.2
229,501,0,0,1,10,1,1. prop8-mean>0,0.5,0.001,1,FALSE,FALSE,1p1v,1000,0.2,-27.13422913,57.5596586,-20.052,23.04257486,0.2
231,501,0,0,1,10,1,1. prop8-mean>0,0.5,0.001,10,FALSE,FALSE,1p1v,1000,0.209,-25.09254098,56.81109316,-19.976,23.25760822,0.209
230,501,0,0,1,10,1,1. prop8-mean>0,0.5,0.001,1,FALSE,FALSE,QV,1000,0.999,56.58158983,28.47590577,28.14239223,14.49564868,0.217
233,501,0,0,1,10,1,1. prop8-mean>0,0.5,0.001,100,FALSE,FALSE,1p1v,1000,0.203,-27.30756524,55.23112523,-20.212,22.56599832,0.203
232,501,0,0,1,10,1,1. prop8-mean>0,0.5,0.001,10,FALSE,FALSE,QV,1000,0.999,55.52553312,27.81303942,2.761579084,1.413787223,0.195
235,501,0,0,1,10,1,1. prop8-mean>0,0.5,0.01,1,FALSE,FALSE,1p1v,1000,0.21,-27.20786036,56.67317314,-19.562,22.38529109,0.21
234,501,0,0,1,10,1,1. prop8-mean>0,0.5,0.001,100,FALSE,FALSE,QV,1000,0.997,55.20154236,27.32715131,0.275092093,0.139216593,0.184
237,501,0,0,1,10,1,1. prop8-mean>0,0.5,0.01,10,FALSE,FALSE,1p1v,1000,0.189,-26.04321868,55.54036672,-19.822,22.58739707,0.189
236,501,0,0,1,10,1,1. prop8-mean>0,0.5,0.01,1,FALSE,FALSE,QV,1000,0.999,56.85593404,28.94425927,28.27579655,14.98598378,0.219
239,501,0,0,1,10,1,1. prop8-mean>0,0.5,0.01,100,FALSE,FALSE,1p1v,1000,0.176,-30.4182586,54.31512451,-21.128,21.64338356,0.176
238,501,0,0,1,10,1,1. prop8-mean>0,0.5,0.01,10,FALSE,FALSE,QV,1000,0.994,55.00773047,26.79456704,2.737027719,1.378309934,0.19
241,501,0,0,1,10,1,1. prop8-mean>0,0.5,0.02,1,FALSE,FALSE,1p1v,1000,0.213,-24.88402911,57.09252923,-19.168,23.07969775,0.213
240,501,0,0,1,10,1,1. prop8-mean>0,0.5,0.01,100,FALSE,FALSE,QV,1000,0.997,56.9422551,27.99161742,0.283892784,0.144681304,0.207
242,501,0,0,1,10,1,1. prop8-mean>0,0.5,0.02,1,FALSE,FALSE,QV,1000,0.989,56.15308767,27.55714828,28.06145006,14.49834813,0.208
243,501,0,0,1,10,1,1. prop8-mean>0,0.5,0.02,10,FALSE,FALSE,1p1v,1000,0.181,-30.05909993,54.17825821,-20.084,21.66209109,0.181
245,501,0,0,1,10,1,1. prop8-mean>0,0.5,0.02,100,FALSE,FALSE,1p1v,1000,0.221,-24.09931515,57.14523295,-20.158,23.27446534,0.221
244,501,0,0,1,10,1,1. prop8-mean>0,0.5,0.02,10,FALSE,FALSE,QV,1000,0.994,55.42278128,27.22248027,2.742870154,1.438002914,0.193
247,501,0,0,1,10,1,1. prop8-mean>0,0.5,0.03,1,FALSE,FALSE,1p1v,1000,0.23,-23.74158625,58.01469768,-18.312,22.48537854,0.23
246,501,0,0,1,10,1,1. prop8-mean>0,0.5,0.02,100,FALSE,FALSE,QV,1000,0.99,55.37044913,27.81292145,0.275673158,0.144886483,0.214
249,501,0,0,1,10,1,1. prop8-mean>0,0.5,0.03,10,FALSE,FALSE,1p1v,1000,0.226,-23.81326404,59.64283646,-19.064,23.62562325,0.226
248,501,0,0,1,10,1,1. prop8-mean>0,0.5,0.03,1,FALSE,FALSE,QV,1000,0.993,55.92117799,28.41395337,27.79438242,14.97086443,0.203
251,501,0,0,1,10,1,1. prop8-mean>0,0.5,0.03,100,FALSE,FALSE,1p1v,1000,0.199,-25.83618114,55.68172213,-20.236,22.57445259,0.199
250,501,0,0,1,10,1,1. prop8-mean>0,0.5,0.03,10,FALSE,FALSE,QV,1000,0.993,55.74787649,27.67329843,2.794535279,1.468380437,0.203
253,501,0,0,1,10,1,1. prop8-mean>0,0.5,0.04,1,FALSE,FALSE,1p1v,1000,0.201,-28.08430636,57.32009027,-20.084,21.7590993,0.201
252,501,0,0,1,10,1,1. prop8-mean>0,0.5,0.03,100,FALSE,FALSE,QV,1000,0.992,56.55694154,28.0895705,0.280924522,0.151478045,0.186
255,501,0,0,1,10,1,1. prop8-mean>0,0.5,0.04,10,FALSE,FALSE,1p1v,1000,0.209,-26.02835195,56.7874766,-19.684,23.05054167,0.209
254,501,0,0,1,10,1,1. prop8-mean>0,0.5,0.04,1,FALSE,FALSE,QV,1000,0.989,55.51087821,28.36962792,27.63719423,15.41791502,0.185
257,501,0,0,1,10,1,1. prop8-mean>0,0.5,0.04,100,FALSE,FALSE,1p1v,1000,0.187,-29.35512281,54.32762846,-20.454,22.51321231,0.187
256,501,0,0,1,10,1,1. prop8-mean>0,0.5,0.04,10,FALSE,FALSE,QV,1000,0.989,54.20752177,27.21711441,2.705949873,1.44656219,0.193
259,501,0,0,1,10,1,1. prop8-mean>0,0.5,0.05,1,FALSE,FALSE,1p1v,1000,0.215,-25.32078635,55.61588487,-20.142,23.7412612,0.215
258,501,0,0,1,10,1,1. prop8-mean>0,0.5,0.04,100,FALSE,FALSE,QV,1000,0.994,56.40944689,26.86127141,0.28303047,0.143802032,0.185
260,501,0,0,1,10,1,1. prop8-mean>0,0.5,0.05,1,FALSE,FALSE,QV,1000,0.987,55.96643358,27.50543862,28.00499331,15.2075086,0.186
261,501,0,0,1,10,1,1. prop8-mean>0,0.5,0.05,10,FALSE,FALSE,1p1v,1000,0.2,-27.58436042,56.15721304,-20.374,22.60218978,0.2
263,501,0,0,1,10,1,1. prop8-mean>0,0.5,0.05,100,FALSE,FALSE,1p1v,1000,0.203,-28.00175771,56.24719801,-19.378,22.23446621,0.203
262,501,0,0,1,10,1,1. prop8-mean>0,0.5,0.05,10,FALSE,FALSE,QV,1000,0.988,55.66270285,27.92482022,2.764331557,1.531718599,0.177
265,501,0,0,1,10,1,1. prop8-mean>0,0.5,0.06,1,FALSE,FALSE,1p1v,1000,0.193,-27.5768592,53.96896537,-20.45,22.81819822,0.193
264,501,0,0,1,10,1,1. prop8-mean>0,0.5,0.05,100,FALSE,FALSE,QV,1000,0.98,56.38952941,28.89059543,0.281630492,0.158635886,0.209
267,501,0,0,1,10,1,1. prop8-mean>0,0.5,0.06,10,FALSE,FALSE,1p1v,1000,0.201,-27.96853755,56.48558351,-19.084,22.37868963,0.201
266,501,0,0,1,10,1,1. prop8-mean>0,0.5,0.06,1,FALSE,FALSE,QV,1000,0.982,57.41114685,28.77130361,28.69809311,15.47807834,0.209
269,501,0,0,1,10,1,1. prop8-mean>0,0.5,0.06,100,FALSE,FALSE,1p1v,1000,0.22,-23.05898215,57.92746891,-19.08,22.36349091,0.22
268,501,0,0,1,10,1,1. prop8-mean>0,0.5,0.06,10,FALSE,FALSE,QV,1000,0.992,55.92397303,27.23136978,2.818807659,1.507472579,0.199
271,501,0,0,1,10,1,1. prop8-mean>0,0.5,0.07,1,FALSE,FALSE,1p1v,1000,0.198,-26.30731983,56.46710816,-19.862,23.17874479,0.198
270,501,0,0,1,10,1,1. prop8-mean>0,0.5,0.06,100,FALSE,FALSE,QV,1000,0.987,56.33674899,27.95049163,0.283043115,0.152973132,0.184
273,501,0,0,1,10,1,1. prop8-mean>0,0.5,0.07,10,FALSE,FALSE,1p1v,1000,0.192,-27.56432246,55.54004078,-20.402,22.16053893,0.192
272,501,0,0,1,10,1,1. prop8-mean>0,0.5,0.07,1,FALSE,FALSE,QV,1000,0.979,54.74049782,28.70741374,27.68250533,15.85212362,0.198
274,501,0,0,1,10,1,1. prop8-mean>0,0.5,0.07,10,FALSE,FALSE,QV,1000,0.991,54.46102907,27.87783487,2.714143882,1.559835813,0.19
275,501,0,0,1,10,1,1. prop8-mean>0,0.5,0.07,100,FALSE,FALSE,1p1v,1000,0.199,-26.18572123,55.43814125,-20.886,23.40741145,0.199
277,501,0,0,1,10,1,1. prop8-mean>0,0.5,0.08,1,FALSE,FALSE,1p1v,1000,0.206,-25.91816126,54.56753048,-21.024,22.9133246,0.206
276,501,0,0,1,10,1,1. prop8-mean>0,0.5,0.07,100,FALSE,FALSE,QV,1000,0.984,54.36829705,27.54387798,0.27714478,0.156139981,0.185
279,501,0,0,1,10,1,1. prop8-mean>0,0.5,0.08,10,FALSE,FALSE,1p1v,1000,0.194,-27.46483936,56.05996503,-19.882,22.37352566,0.194
278,501,0,0,1,10,1,1. prop8-mean>0,0.5,0.08,1,FALSE,FALSE,QV,1000,0.988,55.5833563,28.14835355,28.01674968,16.23412734,0.202
281,501,0,0,1,10,1,1. prop8-mean>0,0.5,0.08,100,FALSE,FALSE,1p1v,1000,0.198,-27.09967915,55.83032359,-19.232,22.0595739,0.198
280,501,0,0,1,10,1,1. prop8-mean>0,0.5,0.08,10,FALSE,FALSE,QV,1000,0.981,56.45353547,28.48128733,2.845391384,1.622573522,0.205
283,501,0,0,1,10,1,1. prop8-mean>0,0.5,0.083,1,FALSE,FALSE,1p1v,1000,0.194,-27.68444451,55.67522776,-20.392,23.00781814,0.194
282,501,0,0,1,10,1,1. prop8-mean>0,0.5,0.08,100,FALSE,FALSE,QV,1000,0.985,57.40270144,28.37494839,0.28607319,0.162166789,0.21
285,501,0,0,1,10,1,1. prop8-mean>0,0.5,0.083,10,FALSE,FALSE,1p1v,1000,0.195,-28.19859406,56.02124737,-19.306,22.64613016,0.195
284,501,0,0,1,10,1,1. prop8-mean>0,0.5,0.083,1,FALSE,FALSE,QV,1000,0.976,55.77111852,28.92577814,28.09147157,16.27637267,0.193
287,501,0,0,1,10,1,1. prop8-mean>0,0.5,0.083,100,FALSE,FALSE,1p1v,1000,0.188,-27.37824499,52.96573687,-21.958,22.24673354,0.188
286,501,0,0,1,10,1,1. prop8-mean>0,0.5,0.083,10,FALSE,FALSE,QV,1000,0.977,56.43084299,28.86473197,2.833529988,1.605818944,0.173
288,501,0,0,1,10,1,1. prop8-mean>0,0.5,0.083,100,FALSE,FALSE,QV,1000,0.983,54.9123291,28.94956842,0.275915329,0.164367421,0.195
289,1001,0,0,1,10,1,1. prop8-mean>0,0.5,0,1,FALSE,FALSE,1p1v,1000,0.112,-77.72529585,87.73864004,-40.436,32.48459871,0.112
290,1001,0,0,1,10,1,1. prop8-mean>0,0.5,0,1,FALSE,FALSE,QV,1000,1,111.9177588,40.75429356,55.95887938,20.37714678,0.104
291,1001,0,0,1,10,1,1. prop8-mean>0,0.5,0,10,FALSE,FALSE,1p1v,1000,0.12,-77.5081059,91.70831179,-40.074,32.7750626,0.12
292,1001,0,0,1,10,1,1. prop8-mean>0,0.5,0,10,FALSE,FALSE,QV,1000,1,110.0898898,39.28554005,5.504494488,1.964277003,0.102
293,1001,0,0,1,10,1,1. prop8-mean>0,0.5,0,100,FALSE,FALSE,1p1v,1000,0.102,-79.81448912,86.62260111,-39.852,31.79026135,0.102
294,1001,0,0,1,10,1,1. prop8-mean>0,0.5,0,100,FALSE,FALSE,QV,1000,1,110.2391347,39.22214669,0.55103585,0.196559808,0.091
295,1001,0,0,1,10,1,1. prop8-mean>0,0.5,3.00E-04,1,FALSE,FALSE,1p1v,1000,0.103,-81.31219439,87.3017546,-40.782,31.9929371,0.103
297,1001,0,0,1,10,1,1. prop8-mean>0,0.5,3.00E-04,10,FALSE,FALSE,1p1v,1000,0.101,-83.79990928,86.50911135,-39.532,31.73118094,0.101
296,1001,0,0,1,10,1,1. prop8-mean>0,0.5,3.00E-04,1,FALSE,FALSE,QV,1000,1,110.4947863,39.55677054,55.22134784,19.80349217,0.113
299,1001,0,0,1,10,1,1. prop8-mean>0,0.5,3.00E-04,100,FALSE,FALSE,1p1v,1000,0.096,-81.47609072,84.99315831,-40.722,31.04916693,0.096
298,1001,0,0,1,10,1,1. prop8-mean>0,0.5,3.00E-04,10,FALSE,FALSE,QV,1000,1,113.1291896,42.34153433,5.65821057,2.121607599,0.097
301,1001,0,0,1,10,1,1. prop8-mean>0,0.5,0.001,1,FALSE,FALSE,1p1v,1000,0.105,-80.34796477,86.04943031,-40.632,31.5485005,0.105
300,1001,0,0,1,10,1,1. prop8-mean>0,0.5,3.00E-04,100,FALSE,FALSE,QV,1000,1,112.728498,38.83388892,0.563095899,0.195165472,0.098
303,1001,0,0,1,10,1,1. prop8-mean>0,0.5,0.001,10,FALSE,FALSE,1p1v,1000,0.115,-78.84019228,88.27032664,-38.964,32.31598717,0.115
302,1001,0,0,1,10,1,1. prop8-mean>0,0.5,0.001,1,FALSE,FALSE,QV,1000,1,111.6444361,39.63182625,55.86689849,19.92831703,0.117
304,1001,0,0,1,10,1,1. prop8-mean>0,0.5,0.001,10,FALSE,FALSE,QV,1000,1,109.8440215,38.90259995,5.500528666,1.953177229,0.101
305,1001,0,0,1,10,1,1. prop8-mean>0,0.5,0.001,100,FALSE,FALSE,1p1v,1000,0.104,-82.5262582,84.97063152,-38.62,30.7128455,0.104
307,1001,0,0,1,10,1,1. prop8-mean>0,0.5,0.01,1,FALSE,FALSE,1p1v,1000,0.11,-78.64590535,87.05161551,-40.306,31.83771355,0.11
306,1001,0,0,1,10,1,1. prop8-mean>0,0.5,0.001,100,FALSE,FALSE,QV,1000,0.999,110.3833887,40.12416343,0.552514978,0.201332811,0.101
309,1001,0,0,1,10,1,1. prop8-mean>0,0.5,0.01,10,FALSE,FALSE,1p1v,1000,0.115,-77.99932742,89.83736563,-39.1,32.56406637,0.115
308,1001,0,0,1,10,1,1. prop8-mean>0,0.5,0.01,1,FALSE,FALSE,QV,1000,1,112.4184443,40.03262008,56.31680135,20.22452484,0.098
311,1001,0,0,1,10,1,1. prop8-mean>0,0.5,0.01,100,FALSE,FALSE,1p1v,1000,0.09,-84.2143214,82.81419204,-41.466,30.16914021,0.09
310,1001,0,0,1,10,1,1. prop8-mean>0,0.5,0.01,10,FALSE,FALSE,QV,1000,0.999,110.6609502,38.32573582,5.523262809,1.951432705,0.103
313,1001,0,0,1,10,1,1. prop8-mean>0,0.5,0.02,1,FALSE,FALSE,1p1v,1000,0.11,-79.58221648,88.7807642,-38.75,30.71424531,0.11
312,1001,0,0,1,10,1,1. prop8-mean>0,0.5,0.01,100,FALSE,FALSE,QV,1000,1,113.9284685,40.57357395,0.567517386,0.20528471,0.104
315,1001,0,0,1,10,1,1. prop8-mean>0,0.5,0.02,10,FALSE,FALSE,1p1v,1000,0.1,-83.99045551,85.53592209,-39.602,30.46509015,0.1
314,1001,0,0,1,10,1,1. prop8-mean>0,0.5,0.02,1,FALSE,FALSE,QV,1000,1,110.4716571,38.03127113,55.25606553,19.70538986,0.11
317,1001,0,0,1,10,1,1. prop8-mean>0,0.5,0.02,100,FALSE,FALSE,1p1v,1000,0.096,-82.56458049,82.06800404,-40.702,30.98521065,0.096
316,1001,0,0,1,10,1,1. prop8-mean>0,0.5,0.02,10,FALSE,FALSE,QV,1000,0.999,113.3159578,40.61882166,5.674551175,2.130006512,0.107
318,1001,0,0,1,10,1,1. prop8-mean>0,0.5,0.02,100,FALSE,FALSE,QV,1000,0.999,112.9593654,37.81135379,0.566328428,0.19765428,0.102
319,1001,0,0,1,10,1,1. prop8-mean>0,0.5,0.03,1,FALSE,FALSE,1p1v,1000,0.1,-83.11726063,83.71406101,-40.186,30.9900272,0.1
321,1001,0,0,1,10,1,1. prop8-mean>0,0.5,0.03,10,FALSE,FALSE,1p1v,1000,0.108,-82.51201993,87.19073166,-38.782,30.95808261,0.108
320,1001,0,0,1,10,1,1. prop8-mean>0,0.5,0.03,1,FALSE,FALSE,QV,1000,1,111.260043,38.87455941,55.6624133,20.56755001,0.116
323,1001,0,0,1,10,1,1. prop8-mean>0,0.5,0.03,100,FALSE,FALSE,1p1v,1000,0.096,-83.1716838,83.71432695,-40.6,31.81465342,0.096
322,1001,0,0,1,10,1,1. prop8-mean>0,0.5,0.03,10,FALSE,FALSE,QV,1000,0.998,109.5257038,39.54222838,5.44226305,2.086305446,0.106
325,1001,0,0,1,10,1,1. prop8-mean>0,0.5,0.04,1,FALSE,FALSE,1p1v,1000,0.1,-82.39247339,86.65485378,-40.876,31.19830056,0.1
324,1001,0,0,1,10,1,1. prop8-mean>0,0.5,0.03,100,FALSE,FALSE,QV,1000,1,111.2729141,40.44804437,0.553821071,0.212332691,0.117
327,1001,0,0,1,10,1,1. prop8-mean>0,0.5,0.04,10,FALSE,FALSE,1p1v,1000,0.1,-80.39178533,86.25026821,-40.432,32.45678386,0.1
326,1001,0,0,1,10,1,1. prop8-mean>0,0.5,0.04,1,FALSE,FALSE,QV,1000,1,111.2900164,38.84762407,55.96358018,21.13915355,0.093
329,1001,0,0,1,10,1,1. prop8-mean>0,0.5,0.04,100,FALSE,FALSE,1p1v,1000,0.106,-82.2937625,84.95386169,-39.006,30.98263849,0.106
328,1001,0,0,1,10,1,1. prop8-mean>0,0.5,0.04,10,FALSE,FALSE,QV,1000,0.997,109.847351,38.40553476,5.479666937,2.005532447,0.086
331,1001,0,0,1,10,1,1. prop8-mean>0,0.5,0.05,1,FALSE,FALSE,1p1v,1000,0.091,-84.42542357,82.46032547,-40.542,31.83771154,0.091
330,1001,0,0,1,10,1,1. prop8-mean>0,0.5,0.04,100,FALSE,FALSE,QV,1000,0.998,111.3624689,39.00132305,0.559917286,0.210616847,0.105
332,1001,0,0,1,10,1,1. prop8-mean>0,0.5,0.05,1,FALSE,FALSE,QV,1000,0.999,111.8605345,40.38064766,55.98778796,22.00282263,0.116
333,1001,0,0,1,10,1,1. prop8-mean>0,0.5,0.05,10,FALSE,FALSE,1p1v,1000,0.107,-80.81949326,87.63866757,-40.086,30.49266152,0.107
335,1001,0,0,1,10,1,1. prop8-mean>0,0.5,0.05,100,FALSE,FALSE,1p1v,1000,0.099,-83.52798649,85.38574748,-39.508,31.85876515,0.099
334,1001,0,0,1,10,1,1. prop8-mean>0,0.5,0.05,10,FALSE,FALSE,QV,1000,1,112.5503779,38.86284047,5.626911964,2.149139742,0.111
337,1001,0,0,1,10,1,1. prop8-mean>0,0.5,0.06,1,FALSE,FALSE,1p1v,1000,0.107,-79.86402732,85.35110274,-39.652,31.03756154,0.107
336,1001,0,0,1,10,1,1. prop8-mean>0,0.5,0.05,100,FALSE,FALSE,QV,1000,1,110.215563,37.72291232,0.553493413,0.213329378,0.077
339,1001,0,0,1,10,1,1. prop8-mean>0,0.5,0.06,10,FALSE,FALSE,1p1v,1000,0.102,-82.24231599,84.89789714,-39.794,31.78515156,0.102
338,1001,0,0,1,10,1,1. prop8-mean>0,0.5,0.06,1,FALSE,FALSE,QV,1000,0.999,111.1044088,40.80696023,55.78811152,22.64691326,0.113
341,1001,0,0,1,10,1,1. prop8-mean>0,0.5,0.06,100,FALSE,FALSE,1p1v,1000,0.103,-79.61533129,84.45020813,-41.132,31.83274886,0.103
340,1001,0,0,1,10,1,1. prop8-mean>0,0.5,0.06,10,FALSE,FALSE,QV,1000,0.999,109.7644026,38.67594115,5.518774901,2.136898246,0.104
343,1001,0,0,1,10,1,1. prop8-mean>0,0.5,0.07,1,FALSE,FALSE,1p1v,1000,0.101,-80.16997262,84.45772851,-40.654,32.86098185,0.101
342,1001,0,0,1,10,1,1. prop8-mean>0,0.5,0.06,100,FALSE,FALSE,QV,1000,0.999,109.1170868,39.7126627,0.544495244,0.220851237,0.08
345,1001,0,0,1,10,1,1. prop8-mean>0,0.5,0.07,10,FALSE,FALSE,1p1v,1000,0.103,-82.85667671,87.0232727,-40.388,31.89035043,0.103
344,1001,0,0,1,10,1,1. prop8-mean>0,0.5,0.07,1,FALSE,FALSE,QV,1000,0.997,111.2522937,40.51561042,55.61155623,23.10910237,0.114
346,1001,0,0,1,10,1,1. prop8-mean>0,0.5,0.07,10,FALSE,FALSE,QV,1000,0.998,109.9306211,40.23379172,5.521451838,2.25328458,0.111
347,1001,0,0,1,10,1,1. prop8-mean>0,0.5,0.07,100,FALSE,FALSE,1p1v,1000,0.114,-76.96544581,89.63361515,-39.762,32.69452994,0.114
349,1001,0,0,1,10,1,1. prop8-mean>0,0.5,0.08,1,FALSE,FALSE,1p1v,1000,0.104,-79.88288545,84.9770743,-39.632,31.29312761,0.104
348,1001,0,0,1,10,1,1. prop8-mean>0,0.5,0.07,100,FALSE,FALSE,QV,1000,0.997,111.3638677,40.61260567,0.551450803,0.226456964,0.111
350,1001,0,0,1,10,1,1. prop8-mean>0,0.5,0.08,1,FALSE,FALSE,QV,1000,0.996,109.5406207,39.71258192,55.06400342,22.4431556,0.095
351,1001,0,0,1,10,1,1. prop8-mean>0,0.5,0.08,10,FALSE,FALSE,1p1v,1000,0.104,-81.05405458,84.83100617,-40.016,31.7836742,0.104
353,1001,0,0,1,10,1,1. prop8-mean>0,0.5,0.08,100,FALSE,FALSE,1p1v,1000,0.112,-78.28147781,86.98269431,-40.176,31.53238518,0.112
352,1001,0,0,1,10,1,1. prop8-mean>0,0.5,0.08,10,FALSE,FALSE,QV,1000,0.994,112.1130932,39.55653941,5.662879786,2.307700262,0.121
354,1001,0,0,1,10,1,1. prop8-mean>0,0.5,0.08,100,FALSE,FALSE,QV,1000,0.998,113.4672981,39.69050535,0.562894118,0.218542088,0.115
355,1001,0,0,1,10,1,1. prop8-mean>0,0.5,0.083,1,FALSE,FALSE,1p1v,1000,0.092,-84.34245221,83.87347818,-41.848,31.60581946,0.092
357,1001,0,0,1,10,1,1. prop8-mean>0,0.5,0.083,10,FALSE,FALSE,1p1v,1000,0.091,-86.64550315,82.25019593,-40.358,31.13045038,0.091
356,1001,0,0,1,10,1,1. prop8-mean>0,0.5,0.083,1,FALSE,FALSE,QV,1000,0.997,111.2985243,40.49999145,56.14599067,23.06311732,0.104
359,1001,0,0,1,10,1,1. prop8-mean>0,0.5,0.083,100,FALSE,FALSE,1p1v,1000,0.108,-82.37058758,88.45394945,-39.58,30.87148601,0.108
358,1001,0,0,1,10,1,1. prop8-mean>0,0.5,0.083,10,FALSE,FALSE,QV,1000,0.997,112.6091082,39.73294278,5.669082375,2.245723005,0.096
360,1001,0,0,1,10,1,1. prop8-mean>0,0.5,0.083,100,FALSE,FALSE,QV,1000,0.998,110.1168006,40.20401242,0.548070515,0.224900676,0.107
361,5001,0,0,1,10,1,1. prop8-mean>0,0.5,0,1,FALSE,FALSE,1p1v,1000,0.003,-550.8782368,112.5594162,-199.322,72.85245223,0.003
362,5001,0,0,1,10,1,1. prop8-mean>0,0.5,0,1,FALSE,FALSE,QV,1000,1,551.8043657,89.74079921,275.9021829,44.87039961,0.002
363,5001,0,0,1,10,1,1. prop8-mean>0,0.5,0,10,FALSE,FALSE,1p1v,1000,0.003,-547.8634357,111.3834644,-201.242,70.48461901,0.003
364,5001,0,0,1,10,1,1. prop8-mean>0,0.5,0,10,FALSE,FALSE,QV,1000,1,555.010245,88.80790652,27.75051225,4.440395326,0.002
365,5001,0,0,1,10,1,1. prop8-mean>0,0.5,0,100,FALSE,FALSE,1p1v,1000,0.003,-556.4490165,112.3052628,-199.338,69.52556048,0.003
366,5001,0,0,1,10,1,1. prop8-mean>0,0.5,0,100,FALSE,FALSE,QV,1000,1,557.7263741,89.8339495,2.788631871,0.449169748,0.002
367,5001,0,0,1,10,1,1. prop8-mean>0,0.5,3.00E-04,1,FALSE,FALSE,1p1v,1000,0,-555.0765045,91.4274588,-202.382,72.50339867,0
368,5001,0,0,1,10,1,1. prop8-mean>0,0.5,3.00E-04,1,FALSE,FALSE,QV,1000,1,556.9056227,86.40185799,278.382171,43.1281578,0.003
369,5001,0,0,1,10,1,1. prop8-mean>0,0.5,3.00E-04,10,FALSE,FALSE,1p1v,1000,0.002,-556.3461749,106.4727198,-199.62,71.72475193,0.002
370,5001,0,0,1,10,1,1. prop8-mean>0,0.5,3.00E-04,10,FALSE,FALSE,QV,1000,1,554.5677691,87.62050735,27.73453643,4.383171075,0.001
371,5001,0,0,1,10,1,1. prop8-mean>0,0.5,3.00E-04,100,FALSE,FALSE,1p1v,1000,0,-550.5209955,85.98874914,-204.604,70.86048541,0
373,5001,0,0,1,10,1,1. prop8-mean>0,0.5,0.001,1,FALSE,FALSE,1p1v,1000,0,-557.3622787,88.13355367,-199.372,71.09849937,0
372,5001,0,0,1,10,1,1. prop8-mean>0,0.5,3.00E-04,100,FALSE,FALSE,QV,1000,1,557.7746095,86.44905702,2.788911569,0.432266805,0.001
375,5001,0,0,1,10,1,1. prop8-mean>0,0.5,0.001,10,FALSE,FALSE,1p1v,1000,0.002,-548.0177696,108.3870593,-199.832,71.4282421,0.002
374,5001,0,0,1,10,1,1. prop8-mean>0,0.5,0.001,1,FALSE,FALSE,QV,1000,1,552.2729552,87.50435099,276.1469226,43.93033975,0.003
376,5001,0,0,1,10,1,1. prop8-mean>0,0.5,0.001,10,FALSE,FALSE,QV,1000,1,556.6344204,86.26384506,27.82876468,4.318327407,0.001
377,5001,0,0,1,10,1,1. prop8-mean>0,0.5,0.001,100,FALSE,FALSE,1p1v,1000,0.003,-554.8615406,111.6215307,-198.384,73.47409739,0.003
379,5001,0,0,1,10,1,1. prop8-mean>0,0.5,0.01,1,FALSE,FALSE,1p1v,1000,0.002,-553.4989772,106.0793288,-198.522,69.61434962,0.002
378,5001,0,0,1,10,1,1. prop8-mean>0,0.5,0.001,100,FALSE,FALSE,QV,1000,1,555.6974439,89.47229352,2.778342865,0.448474322,0.005
381,5001,0,0,1,10,1,1. prop8-mean>0,0.5,0.01,10,FALSE,FALSE,1p1v,1000,0.005,-550.447902,125.5471707,-197.15,71.61937472,0.005
380,5001,0,0,1,10,1,1. prop8-mean>0,0.5,0.01,1,FALSE,FALSE,QV,1000,1,555.177195,87.31505092,278.0288292,44.47118516,0.002
383,5001,0,0,1,10,1,1. prop8-mean>0,0.5,0.01,100,FALSE,FALSE,1p1v,1000,0,-553.991313,86.65363528,-203.878,68.83710964,0
382,5001,0,0,1,10,1,1. prop8-mean>0,0.5,0.01,10,FALSE,FALSE,QV,1000,1,556.8345863,85.40599322,27.85140253,4.334140895,0
385,5001,0,0,1,10,1,1. prop8-mean>0,0.5,0.02,1,FALSE,FALSE,1p1v,1000,0.003,-550.0434349,109.9525034,-199.832,70.42928411,0.003
384,5001,0,0,1,10,1,1. prop8-mean>0,0.5,0.01,100,FALSE,FALSE,QV,1000,1,557.525941,89.46690794,2.786269016,0.456681887,0.001
387,5001,0,0,1,10,1,1. prop8-mean>0,0.5,0.02,10,FALSE,FALSE,1p1v,1000,0.001,-554.957948,97.50822561,-199.062,69.27295936,0.001
386,5001,0,0,1,10,1,1. prop8-mean>0,0.5,0.02,1,FALSE,FALSE,QV,1000,1,553.3385274,85.95145927,276.7416572,44.69323366,0.004
389,5001,0,0,1,10,1,1. prop8-mean>0,0.5,0.02,100,FALSE,FALSE,1p1v,1000,0.002,-557.3068839,102.0231342,-198.704,72.06959422,0.002
388,5001,0,0,1,10,1,1. prop8-mean>0,0.5,0.02,10,FALSE,FALSE,QV,1000,1,549.5514873,86.33792257,27.55142437,4.525632818,0.003
391,5001,0,0,1,10,1,1. prop8-mean>0,0.5,0.03,1,FALSE,FALSE,1p1v,1000,0.001,-553.2515992,94.22808911,-201.342,68.7485083,0.001
390,5001,0,0,1,10,1,1. prop8-mean>0,0.5,0.02,100,FALSE,FALSE,QV,1000,1,554.1432653,88.67285958,2.776261239,0.459234571,0.006
393,5001,0,0,1,10,1,1. prop8-mean>0,0.5,0.03,10,FALSE,FALSE,1p1v,1000,0.003,-550.4566605,109.1049195,-199.62,72.09597374,0.003
392,5001,0,0,1,10,1,1. prop8-mean>0,0.5,0.03,1,FALSE,FALSE,QV,1000,1,553.073302,89.2736058,276.3423945,47.77269825,0
394,5001,0,0,1,10,1,1. prop8-mean>0,0.5,0.03,10,FALSE,FALSE,QV,1000,1,558.4627701,91.30612284,27.9370407,4.791693837,0.002
395,5001,0,0,1,10,1,1. prop8-mean>0,0.5,0.03,100,FALSE,FALSE,1p1v,1000,0.003,-553.283252,111.22091,-197.884,72.36446061,0.003
397,5001,0,0,1,10,1,1. prop8-mean>0,0.5,0.04,1,FALSE,FALSE,1p1v,1000,0.003,-552.8120486,111.1132186,-202.56,71.78567812,0.003
396,5001,0,0,1,10,1,1. prop8-mean>0,0.5,0.03,100,FALSE,FALSE,QV,1000,1,554.2043172,86.7788305,2.770076022,0.462129999,0.001
399,5001,0,0,1,10,1,1. prop8-mean>0,0.5,0.04,10,FALSE,FALSE,1p1v,1000,0.001,-553.5276499,94.49634565,-199.328,69.42754929,0.001
398,5001,0,0,1,10,1,1. prop8-mean>0,0.5,0.04,1,FALSE,FALSE,QV,1000,1,557.5348656,91.81519826,279.3225861,48.74997327,0.002
401,5001,0,0,1,10,1,1. prop8-mean>0,0.5,0.04,100,FALSE,FALSE,1p1v,1000,0.003,-557.288022,111.2355553,-196.722,68.5102355,0.003
400,5001,0,0,1,10,1,1. prop8-mean>0,0.5,0.04,10,FALSE,FALSE,QV,1000,1,556.983535,87.68862303,27.86992111,4.720467338,0.003
403,5001,0,0,1,10,1,1. prop8-mean>0,0.5,0.05,1,FALSE,FALSE,1p1v,1000,0.001,-558.8749199,96.71956056,-199.842,71.27074122,0.001
402,5001,0,0,1,10,1,1. prop8-mean>0,0.5,0.04,100,FALSE,FALSE,QV,1000,1,556.5323781,88.63709581,2.787273772,0.476457215,0.005
405,5001,0,0,1,10,1,1. prop8-mean>0,0.5,0.05,10,FALSE,FALSE,1p1v,1000,0.002,-552.9825219,108.3408747,-203.844,67.13003878,0.002
404,5001,0,0,1,10,1,1. prop8-mean>0,0.5,0.05,1,FALSE,FALSE,QV,1000,1,558.047482,89.47801997,277.721329,48.72816451,0.003
407,5001,0,0,1,10,1,1. prop8-mean>0,0.5,0.05,100,FALSE,FALSE,1p1v,1000,0.002,-550.0405282,102.5812604,-199.164,68.1682919,0.002
406,5001,0,0,1,10,1,1. prop8-mean>0,0.5,0.05,10,FALSE,FALSE,QV,1000,1,556.9297718,85.76435441,27.89192292,4.817489695,0.004
408,5001,0,0,1,10,1,1. prop8-mean>0,0.5,0.05,100,FALSE,FALSE,QV,1000,1,556.2914612,84.31522668,2.791306131,0.468727657,0.001
409,5001,0,0,1,10,1,1. prop8-mean>0,0.5,0.06,1,FALSE,FALSE,1p1v,1000,0.002,-550.1454634,107.3748516,-198.032,68.66528889,0.002
411,5001,0,0,1,10,1,1. prop8-mean>0,0.5,0.06,10,FALSE,FALSE,1p1v,1000,0.001,-557.9855512,96.49782222,-197.748,72.1810127,0.001
410,5001,0,0,1,10,1,1. prop8-mean>0,0.5,0.06,1,FALSE,FALSE,QV,1000,1,556.1152635,84.41564605,278.1029664,46.39005569,0.003
413,5001,0,0,1,10,1,1. prop8-mean>0,0.5,0.06,100,FALSE,FALSE,1p1v,1000,0.003,-551.6326754,112.1476467,-201.12,70.92503056,0.003
412,5001,0,0,1,10,1,1. prop8-mean>0,0.5,0.06,10,FALSE,FALSE,QV,1000,1,559.3900117,86.27113234,27.94544736,4.761802484,0
415,5001,0,0,1,10,1,1. prop8-mean>0,0.5,0.07,1,FALSE,FALSE,1p1v,1000,0.003,-550.3532515,108.0933053,-201.406,69.19314167,0.003
414,5001,0,0,1,10,1,1. prop8-mean>0,0.5,0.06,100,FALSE,FALSE,QV,1000,1,560.6837551,87.6822468,2.79487621,0.490770765,0.001
417,5001,0,0,1,10,1,1. prop8-mean>0,0.5,0.07,10,FALSE,FALSE,1p1v,1000,0.001,-560.847772,95.10545657,-200.148,68.5782551,0.001
416,5001,0,0,1,10,1,1. prop8-mean>0,0.5,0.07,1,FALSE,FALSE,QV,1000,1,554.2212986,85.81978891,278.3891364,49.16992159,0.003
419,5001,0,0,1,10,1,1. prop8-mean>0,0.5,0.07,100,FALSE,FALSE,1p1v,1000,0.004,-549.6002026,116.6616104,-199.246,67.70393864,0.004
418,5001,0,0,1,10,1,1. prop8-mean>0,0.5,0.07,10,FALSE,FALSE,QV,1000,1,558.5674829,87.70630473,27.94430948,5.08942904,0.001
421,5001,0,0,1,10,1,1. prop8-mean>0,0.5,0.08,1,FALSE,FALSE,1p1v,1000,0.002,-552.9176832,108.7075057,-199.61,70.5315149,0.002
420,5001,0,0,1,10,1,1. prop8-mean>0,0.5,0.07,100,FALSE,FALSE,QV,1000,1,554.4690539,86.693121,2.769433899,0.488839219,0.002
423,5001,0,0,1,10,1,1. prop8-mean>0,0.5,0.08,10,FALSE,FALSE,1p1v,1000,0.001,-552.2906212,96.39869144,-201.326,69.012901,0.001
422,5001,0,0,1,10,1,1. prop8-mean>0,0.5,0.08,1,FALSE,FALSE,QV,1000,1,554.158839,88.22232533,277.0934309,50.30222433,0
425,5001,0,0,1,10,1,1. prop8-mean>0,0.5,0.08,100,FALSE,FALSE,1p1v,1000,0.003,-551.2613478,111.5548361,-199.098,69.10671555,0.003
424,5001,0,0,1,10,1,1. prop8-mean>0,0.5,0.08,10,FALSE,FALSE,QV,1000,1,556.5179462,89.39445347,27.84997586,5.073272431,0.001
426,5001,0,0,1,10,1,1. prop8-mean>0,0.5,0.08,100,FALSE,FALSE,QV,1000,1,557.84077,88.41037005,2.807482824,0.509506534,0.008
427,5001,0,0,1,10,1,1. prop8-mean>0,0.5,0.083,1,FALSE,FALSE,1p1v,1000,0.004,-554.1423292,114.1561151,-197.642,72.84445175,0.004
429,5001,0,0,1,10,1,1. prop8-mean>0,0.5,0.083,10,FALSE,FALSE,1p1v,1000,0.001,-552.1226038,96.13380368,-200.756,68.41184579,0.001
428,5001,0,0,1,10,1,1. prop8-mean>0,0.5,0.083,1,FALSE,FALSE,QV,1000,1,558.9277513,89.87114272,279.7550753,51.07052353,0.001
431,5001,0,0,1,10,1,1. prop8-mean>0,0.5,0.083,100,FALSE,FALSE,1p1v,1000,0.001,-556.7602297,95.94823609,-198.194,69.14685569,0.001
430,5001,0,0,1,10,1,1. prop8-mean>0,0.5,0.083,10,FALSE,FALSE,QV,1000,1,556.7848162,87.78569563,27.74084763,5.211798609,0.006
432,5001,0,0,1,10,1,1. prop8-mean>0,0.5,0.083,100,FALSE,FALSE,QV,1000,1,561.4029457,87.6811377,2.805372016,0.483471804,0.005
433,10001,0,0,1,10,1,1. prop8-mean>0,0.5,0,1,FALSE,FALSE,1p1v,1000,0,-1116.628915,126.3935498,-394.74,103.6507399,0
434,10001,0,0,1,10,1,1. prop8-mean>0,0.5,0,1,FALSE,FALSE,QV,1000,1,1107.227686,119.9090829,553.613843,59.95454143,0
435,10001,0,0,1,10,1,1. prop8-mean>0,0.5,0,10,FALSE,FALSE,1p1v,1000,0,-1105.899053,125.0821935,-405.872,98.71969,0
436,10001,0,0,1,10,1,1. prop8-mean>0,0.5,0,10,FALSE,FALSE,QV,1000,1,1116.761182,127.1592113,55.83805911,6.357960567,0
437,10001,0,0,1,10,1,1. prop8-mean>0,0.5,0,100,FALSE,FALSE,1p1v,1000,0,-1114.690454,124.4907246,-398.172,99.25876646,0
438,10001,0,0,1,10,1,1. prop8-mean>0,0.5,0,100,FALSE,FALSE,QV,1000,1,1114.072854,125.5801569,5.57036427,0.627900785,0
439,10001,0,0,1,10,1,1. prop8-mean>0,0.5,3.00E-04,1,FALSE,FALSE,1p1v,1000,0,-1111.67705,120.6218472,-398.186,100.3557506,0
440,10001,0,0,1,10,1,1. prop8-mean>0,0.5,3.00E-04,1,FALSE,FALSE,QV,1000,1,1109.233482,125.200793,554.6521956,62.65012032,0.001
441,10001,0,0,1,10,1,1. prop8-mean>0,0.5,3.00E-04,10,FALSE,FALSE,1p1v,1000,0,-1109.324305,125.8234987,-405.338,100.4959959,0
442,10001,0,0,1,10,1,1. prop8-mean>0,0.5,3.00E-04,10,FALSE,FALSE,QV,1000,1,1108.768717,125.1878728,55.43141135,6.266506728,0
443,10001,0,0,1,10,1,1. prop8-mean>0,0.5,3.00E-04,100,FALSE,FALSE,1p1v,1000,0,-1113.368651,127.2781484,-397.276,97.84490508,0
444,10001,0,0,1,10,1,1. prop8-mean>0,0.5,3.00E-04,100,FALSE,FALSE,QV,1000,1,1111.910788,125.0908337,5.559572067,0.625042908,0
445,10001,0,0,1,10,1,1. prop8-mean>0,0.5,0.001,1,FALSE,FALSE,1p1v,1000,0,-1120.9362,127.0970651,-400.822,98.02451286,0
447,10001,0,0,1,10,1,1. prop8-mean>0,0.5,0.001,10,FALSE,FALSE,1p1v,1000,0,-1107.571867,128.503525,-401.782,100.5941532,0
446,10001,0,0,1,10,1,1. prop8-mean>0,0.5,0.001,1,FALSE,FALSE,QV,1000,1,1118.989758,123.4308486,559.477638,61.75640348,0
449,10001,0,0,1,10,1,1. prop8-mean>0,0.5,0.001,100,FALSE,FALSE,1p1v,1000,0.001,-1114.485352,144.3344472,-396.22,98.01194796,0.001
448,10001,0,0,1,10,1,1. prop8-mean>0,0.5,0.001,10,FALSE,FALSE,QV,1000,1,1114.527159,122.5067713,55.6991938,6.142686206,0
451,10001,0,0,1,10,1,1. prop8-mean>0,0.5,0.01,1,FALSE,FALSE,1p1v,1000,0,-1117.852962,128.6752144,-398.644,100.461205,0
450,10001,0,0,1,10,1,1. prop8-mean>0,0.5,0.001,100,FALSE,FALSE,QV,1000,1,1110.526218,120.7787807,5.552757035,0.60405196,0
453,10001,0,0,1,10,1,1. prop8-mean>0,0.5,0.01,10,FALSE,FALSE,1p1v,1000,0,-1117.884599,126.3911133,-394.266,96.19437927,0
452,10001,0,0,1,10,1,1. prop8-mean>0,0.5,0.01,1,FALSE,FALSE,QV,1000,1,1116.042249,125.8519286,558.538607,64.53343035,0
455,10001,0,0,1,10,1,1. prop8-mean>0,0.5,0.01,100,FALSE,FALSE,1p1v,1000,0,-1112.20754,123.6386372,-400.31,98.52985351,0
454,10001,0,0,1,10,1,1. prop8-mean>0,0.5,0.01,10,FALSE,FALSE,QV,1000,1,1106.308564,123.0484016,55.36328786,6.277065456,0
457,10001,0,0,1,10,1,1. prop8-mean>0,0.5,0.02,1,FALSE,FALSE,1p1v,1000,0,-1110.781469,124.6226786,-401.7,101.2410972,0
456,10001,0,0,1,10,1,1. prop8-mean>0,0.5,0.01,100,FALSE,FALSE,QV,1000,1,1113.960493,118.4320052,5.573633625,0.604823486,0
459,10001,0,0,1,10,1,1. prop8-mean>0,0.5,0.02,10,FALSE,FALSE,1p1v,1000,0,-1107.571828,123.1275704,-400.336,99.77684362,0
458,10001,0,0,1,10,1,1. prop8-mean>0,0.5,0.02,1,FALSE,FALSE,QV,1000,1,1115.612832,122.7706094,557.5031725,63.69530487,0
461,10001,0,0,1,10,1,1. prop8-mean>0,0.5,0.02,100,FALSE,FALSE,1p1v,1000,0,-1112.108863,126.1143854,-402.456,101.5758126,0
460,10001,0,0,1,10,1,1. prop8-mean>0,0.5,0.02,10,FALSE,FALSE,QV,1000,1,1108.260103,122.7146103,55.42359077,6.496751457,0
463,10001,0,0,1,10,1,1. prop8-mean>0,0.5,0.03,1,FALSE,FALSE,1p1v,1000,0,-1108.543701,128.0339727,-403.846,99.29323961,0
462,10001,0,0,1,10,1,1. prop8-mean>0,0.5,0.02,100,FALSE,FALSE,QV,1000,1,1116.375385,120.3710872,5.585279967,0.625323262,0
465,10001,0,0,1,10,1,1. prop8-mean>0,0.5,0.03,10,FALSE,FALSE,1p1v,1000,0,-1112.835217,123.2612877,-400.13,101.4771339,0
464,10001,0,0,1,10,1,1. prop8-mean>0,0.5,0.03,1,FALSE,FALSE,QV,1000,1,1113.041922,123.2065567,556.5704067,64.93543476,0
466,10001,0,0,1,10,1,1. prop8-mean>0,0.5,0.03,10,FALSE,FALSE,QV,1000,1,1120.836806,122.5528697,56.04693053,6.53081905,0
467,10001,0,0,1,10,1,1. prop8-mean>0,0.5,0.03,100,FALSE,FALSE,1p1v,1000,0,-1108.428696,126.6914478,-398.79,98.77909298,0
469,10001,0,0,1,10,1,1. prop8-mean>0,0.5,0.04,1,FALSE,FALSE,1p1v,1000,0,-1112.493971,126.4434984,-395.91,103.6891476,0
468,10001,0,0,1,10,1,1. prop8-mean>0,0.5,0.03,100,FALSE,FALSE,QV,1000,1,1112.759829,123.9575996,5.553343617,0.663094613,0
471,10001,0,0,1,10,1,1. prop8-mean>0,0.5,0.04,10,FALSE,FALSE,1p1v,1000,0,-1106.733932,128.6669147,-402.04,100.6465903,0
470,10001,0,0,1,10,1,1. prop8-mean>0,0.5,0.04,1,FALSE,FALSE,QV,1000,1,1114.207611,120.2447254,557.1720434,63.86857414,0
473,10001,0,0,1,10,1,1. prop8-mean>0,0.5,0.04,100,FALSE,FALSE,1p1v,1000,0,-1107.515498,128.415919,-399.716,100.3899072,0
472,10001,0,0,1,10,1,1. prop8-mean>0,0.5,0.04,10,FALSE,FALSE,QV,1000,1,1110.099946,124.29101,55.6310284,6.700973834,0
475,10001,0,0,1,10,1,1. prop8-mean>0,0.5,0.05,1,FALSE,FALSE,1p1v,1000,0.001,-1113.197662,150.5522217,-394.612,101.3390698,0.001
474,10001,0,0,1,10,1,1. prop8-mean>0,0.5,0.04,100,FALSE,FALSE,QV,1000,1,1111.638728,121.3654081,5.562136711,0.658697605,0
477,10001,0,0,1,10,1,1. prop8-mean>0,0.5,0.05,10,FALSE,FALSE,1p1v,1000,0,-1110.345308,120.792064,-403.972,99.29879892,0
476,10001,0,0,1,10,1,1. prop8-mean>0,0.5,0.05,1,FALSE,FALSE,QV,1000,1,1107.811697,128.5920289,555.1576796,71.07602283,0
479,10001,0,0,1,10,1,1. prop8-mean>0,0.5,0.05,100,FALSE,FALSE,1p1v,1000,0,-1109.854325,127.2107085,-398.686,100.5053567,0
478,10001,0,0,1,10,1,1. prop8-mean>0,0.5,0.05,10,FALSE,FALSE,QV,1000,1,1110.98648,126.919582,55.52817347,6.939353757,0
481,10001,0,0,1,10,1,1. prop8-mean>0,0.5,0.06,1,FALSE,FALSE,1p1v,1000,0,-1109.825031,122.4892331,-400.178,98.07594612,0
480,10001,0,0,1,10,1,1. prop8-mean>0,0.5,0.05,100,FALSE,FALSE,QV,1000,1,1114.969665,123.2343123,5.573870706,0.673617744,0
483,10001,0,0,1,10,1,1. prop8-mean>0,0.5,0.06,10,FALSE,FALSE,1p1v,1000,0,-1112.51169,120.8693339,-403.704,102.235319,0
482,10001,0,0,1,10,1,1. prop8-mean>0,0.5,0.06,1,FALSE,FALSE,QV,1000,1,1119.189509,121.7588119,560.8342138,67.88889064,0
484,10001,0,0,1,10,1,1. prop8-mean>0,0.5,0.06,10,FALSE,FALSE,QV,1000,1,1109.44169,124.7515369,55.62705938,7.068767501,0
485,10001,0,0,1,10,1,1. prop8-mean>0,0.5,0.06,100,FALSE,FALSE,1p1v,1000,0,-1113.644318,126.8483827,-401.476,97.9600408,0
487,10001,0,0,1,10,1,1. prop8-mean>0,0.5,0.07,1,FALSE,FALSE,1p1v,1000,0,-1111.969256,123.1513214,-402.428,99.35475924,0
486,10001,0,0,1,10,1,1. prop8-mean>0,0.5,0.06,100,FALSE,FALSE,QV,1000,1,1115.529679,120.1495082,5.594581112,0.691970128,0
489,10001,0,0,1,10,1,1. prop8-mean>0,0.5,0.07,10,FALSE,FALSE,1p1v,1000,0,-1113.751026,121.4283983,-393.71,101.4802747,0
488,10001,0,0,1,10,1,1. prop8-mean>0,0.5,0.07,1,FALSE,FALSE,QV,1000,1,1109.177147,123.7242831,554.0615994,69.31152965,0
491,10001,0,0,1,10,1,1. prop8-mean>0,0.5,0.07,100,FALSE,FALSE,1p1v,1000,0,-1118.005689,125.3590651,-392.882,99.7632336,0
490,10001,0,0,1,10,1,1. prop8-mean>0,0.5,0.07,10,FALSE,FALSE,QV,1000,1,1111.829407,124.3930988,55.62506248,6.934228464,0
493,10001,0,0,1,10,1,1. prop8-mean>0,0.5,0.08,1,FALSE,FALSE,1p1v,1000,0,-1113.579649,124.0778657,-402.358,97.5380208,0
492,10001,0,0,1,10,1,1. prop8-mean>0,0.5,0.07,100,FALSE,FALSE,QV,1000,1,1118.238665,125.7643598,5.58998158,0.704561963,0
495,10001,0,0,1,10,1,1. prop8-mean>0,0.5,0.08,10,FALSE,FALSE,1p1v,1000,0,-1105.723306,119.8627383,-401.832,98.350458,0
494,10001,0,0,1,10,1,1. prop8-mean>0,0.5,0.08,1,FALSE,FALSE,QV,1000,1,1117.374569,125.8801256,557.3535982,72.3932493,0
497,10001,0,0,1,10,1,1. prop8-mean>0,0.5,0.08,100,FALSE,FALSE,1p1v,1000,0,-1111.511545,125.8808313,-400.04,100.2664638,0
496,10001,0,0,1,10,1,1. prop8-mean>0,0.5,0.08,10,FALSE,FALSE,QV,1000,1,1117.689505,128.6449872,56.01331495,7.386421654,0
499,10001,0,0,1,10,1,1. prop8-mean>0,0.5,0.083,1,FALSE,FALSE,1p1v,1000,0,-1111.195947,126.1618368,-400.21,103.3712993,0
498,10001,0,0,1,10,1,1. prop8-mean>0,0.5,0.08,100,FALSE,FALSE,QV,1000,1,1117.458529,120.8445518,5.580834103,0.692796144,0
501,10001,0,0,1,10,1,1. prop8-mean>0,0.5,0.083,10,FALSE,FALSE,1p1v,1000,0,-1113.337765,124.1932898,-401.702,101.6367317,0
500,10001,0,0,1,10,1,1. prop8-mean>0,0.5,0.083,1,FALSE,FALSE,QV,1000,1,1107.250574,129.1068161,554.6818296,74.46571475,0.001
502,10001,0,0,1,10,1,1. prop8-mean>0,0.5,0.083,10,FALSE,FALSE,QV,1000,1,1103.839068,118.5938005,55.00707023,6.772705368,0
503,10001,0,0,1,10,1,1. prop8-mean>0,0.5,0.083,100,FALSE,FALSE,1p1v,1000,0,-1115.289864,126.5933196,-397.138,102.9318411,0
504,10001,0,0,1,10,1,1. prop8-mean>0,0.5,0.083,100,FALSE,FALSE,QV,1000,1,1112.825239,118.2743219,5.561705779,0.689708246,0