u,v
3.059798491,1.148490452
-0.72698848,-0.520183054
-0.216829687,-0.088633669
0.531561815,0.140901202
-1.411975237,-0.251761306
-0.148246405,-0.057741237
-4.145506233,-1.43327069
-0.441037891,-0.286168969
-2.239749202,-1.478345624
3.998966309,3.059613954
-0.451830166,-0.184254646
-1.776697991,-1.543497906
1.318577641,0.689392504
-0.102199409,-0.071502476
6.629157673,3.592241738
0.618352658,0.408451366
-2.252001886,-1.046556218
-3.579520892,-1.974052683
1.069414343,0.090380044
6.386025884,1.951774468
-6.467094641,-3.312807025
-4.327526107,-2.428822169
-6.08878298,-4.869850036
4.955304053,2.794560654
1.652668609,0.488824307
-4.622726562,-2.031843978
-4.183006694,-3.642032296
2.740005173,1.264872803
0.252664875,0.094609345
4.30698202,0.647981929
-3.385181025,-0.865057035
-0.743397655,-0.595141441
-0.714460395,-0.326426119
-5.300279943,-3.256318604
0.2412785,0.049102
-0.252986143,-0.044519333
3.091193487,1.494162706
-1.76427168,-0.696532372
2.253676763,1.557099908
-3.458716792,-1.933547347
3.684612185,0.753501993
-2.310342256,-0.515730576
1.417464457,1.053040076
1.154875384,0.623668721
7.666179939,3.76041316
-3.044803707,-1.891693085
0.984172545,0.266532545
0.155216118,0.064527611
1.823462487,0.770293388
1.675499128,1.004981436
-4.267976475,-3.414610948
-1.627400651,-0.892845977
4.306524194,0.145514283
2.216092285,1.257445152
-2.924601157,-1.772080403
4.869995218,0.111527075
4.04415233,1.87842571
0.771608968,0.629491594
-3.55904027,-0.31055326
3.458784944,1.38089472
4.277647139,0.906784943
2.125803233,0.578441245
0.055345779,0.017002771
-2.392197174,-1.09177116
0.991630581,0.567576801
2.418160547,1.370590028
-2.967208683,-0.715756875
-2.612373997,-2.016625428
1.761716679,0.286543016
3.299950547,0.850077781
-1.408012634,-1.046869333
0.954161971,0.554735582
-3.344606483,-2.57518988
-2.487703838,-1.473369216
-3.164212928,-1.895970098
-0.151504417,-0.128057749
1.705215466,0.926105463
-1.846607476,-0.631339618
0.056907237,0.017916687
-0.506906197,-0.349164339
-3.909879702,-2.297325131
4.571726595,0.497210364
0.991613083,0.649219689
-2.244140765,-0.73302778
-1.973371603,-0.989586394
1.354550433,0.342321678
-0.534325003,-0.392034238
0.8184599,0.218524899
-1.077282418,-1.002607298
-5.009920969,-0.484613427
-2.071973095,-1.157155203
3.456758234,0.727946722
-2.663718112,-1.82030716
3.032344866,1.058928003
-2.643379271,-2.114618013
1.718298485,0.372331807
-2.272859818,-0.952124095
7.495120291,1.660034546
-0.237201575,-0.046780454
1.100437356,0.723652428
-4.230695234,-2.960376872
0.712536809,0.20403193
2.995003892,2.016975085
-6.050556175,-3.925828045
4.154353384,2.296406407
5.7377914,1.28673914
1.292674735,0.670551382
-0.016682384,-0.002816626
-0.616770227,-0.472013085
5.004835163,3.364468711
3.654424844,1.925814018
1.811191166,0.405212911
4.139238677,2.390661641
0.030073651,0.011277903
-1.895966402,-0.519238492
-4.13273605,-2.445030059
1.903381035,1.041152714
1.105430385,0.594734532
-1.416253723,-0.644890954
2.581686503,1.392001234
-4.822924715,-1.8464522
3.828108073,1.61568129
-3.125363219,-1.520045649
-5.502186553,-4.963704076
0.222263452,0.099184923
2.313857901,0.756730529
0.809572907,0.577008264
-3.648974858,-1.697182097
0.74516394,0.405299209
-4.035440548,-1.299445703
1.496176901,0.505878335
-0.69100425,-0.597728599
0.525285836,0.141836719
-0.264518162,-0.127547872
-5.394785361,-3.370036727
4.672972279,3.451222092
1.213332393,0.171708706
2.416429025,0.922623066
0.612399761,0.424532468
5.313680341,4.712455367
-1.282745071,-0.912119292
-3.87008134,-1.226620534
4.177039025,1.581895004
5.319925494,1.883283541
0.188902364,0.115835446
-0.281626263,-0.192367355
2.053229376,0.284618008
-5.202003612,-3.53127222
-0.043540631,-0.027851354
4.081143731,2.080905082
1.476689144,0.940559838
-0.898681147,-0.822546692
-1.654642756,-0.711269398
-5.147094797,-4.224981274
-4.291960717,-0.977674541
-0.31406846,-0.187799209
-1.31573169,-0.45479647
3.461040319,2.19696795
-1.366313827,-0.782387249
2.801375888,2.332906017
0.583373847,0.297244426
-1.172744072,-0.881304332
1.588056114,0.619171785
-1.248189502,-1.033004897
-2.544511533,-2.355778369
0.490127088,0.437051833
-2.242159816,-1.453402293
2.623204419,1.366168115
1.827096825,0.640714704
-0.103299682,-0.027548386
-1.714147944,-1.518808177
-2.682480428,-0.699523755
-3.555648803,-1.188342137
-2.768722201,-1.050199026
2.767661429,2.194845025
4.096177309,0.741800276
-0.955066718,-0.632814854
-0.660668267,-0.073182906
0.340199793,0.223934848
-2.708970113,-1.35879446
1.982312862,1.106756979
-0.604220846,-0.482116867
1.873472244,0.825696832
-2.207593036,-0.762015372
3.435973629,2.676778909
0.69018053,0.367381383
0.019167937,0.015408319
-2.11084698,-1.024146656
1.15115983,0.292240618
-2.789594399,-0.766222521
-0.595941845,-0.390003745
-3.486577585,-1.383150168
-3.050111085,-1.833742007
-1.200383601,-0.059092392
3.354127207,1.048221435
1.916375422,1.656471286
3.106634083,2.857592394
-0.787855473,-0.589907622
0.630261402,0.546250533
2.064004689,2.0289745
3.935827073,2.350043851
-2.62883992,-0.763256935
-2.789966216,-0.570306639
2.493904983,0.378707232
2.262509348,1.17228131
-0.189459242,-0.104297779
0.326325301,0.280530467
2.453823545,0.327936292
1.977573174,1.067684639
-2.180336305,-1.45027742
-0.97589305,-0.804756501
-0.353964955,-0.180224543
1.568280566,1.181589135
3.310082969,1.410634137
0.439639882,0.073647816
-4.21535576,-2.173874454
6.005873276,2.527267446
-0.795439901,-0.486106757
0.790431955,0.41367165
2.073297747,0.297136961
-0.065285267,-0.032065239
-0.507623375,-0.338882256
-1.190927035,-0.310049868
-0.133654809,-0.05961788
0.078139273,0.021291439
1.670864319,0.482776243
-6.070729875,-4.481903442
1.293384163,0.277297317
2.257530401,1.122027739
-1.15835218,-1.146989181
-3.374661792,-1.907020775
3.731238562,1.164951884
5.733942728,5.264273451
3.617749099,1.201053888
-3.044783944,-1.7836417
2.21316996,0.732623899
0.193752886,0.134434288
1.468569394,0.972024365
-3.044409684,-1.207193632
-4.670480004,-3.516539648
2.567951029,1.70517335
-4.713687764,-2.764614133
-5.773358076,-2.188310514
-4.716229083,-1.740948057
3.155837856,1.41381449
7.103387761,2.24215699
1.874640263,1.075817272
-0.329199545,-0.22695294
-3.764318807,-2.054589498
-1.170924448,-0.640406334
0.431094906,0.100909778
-0.130821282,-0.092135302
-5.784732018,-2.539669868
-2.028958236,-0.552798062
2.958812508,2.343429004
-3.844154001,-0.331401142
-2.659151593,-2.318548187
-3.674057122,-1.797547537
-0.207132947,-0.197175787
-1.830790551,-0.521367308
1.244070208,0.739154633
-0.167053942,-0.054391534
-1.740648858,-0.055361136
1.784628574,1.4127032
7.59408406,3.134274312
-1.794597082,-1.088829551
1.266519528,0.231139314
-0.296169065,-0.28148599
-4.942376213,-1.331836659
-3.240473842,-2.973357308
-1.956445673,-1.751966645
-1.799290589,-0.999974436
-0.829506888,-0.143601677
0.242980268,0.154306283
1.770178292,0.406598225
-1.684084641,-1.072281552
-1.982339621,-0.702840368
-1.241549685,-0.603484847
-1.925956712,-0.47967816
1.251186717,0.153957258
-1.431240413,-0.697047578
4.822591698,3.553891874
-2.499413842,-0.682599952
2.778807313,0.556297368
1.225357884,0.643486916
4.582314612,3.870051066
0.965715463,0.237327492
7.474734401,4.848844521
-0.26972041,-0.131405482
-2.511954622,-1.793261816
1.940518674,1.328994792
-7.162390202,-2.606418037
-1.070976778,-0.734199187
6.336158301,4.22879585
-2.464889009,-2.074099716
-1.879474059,-0.697734785
-0.915398594,-0.058340789
-0.314323426,-0.160173662
-6.091496537,-0.582636274
-2.62599028,-0.835991517
2.451654495,1.937406377
-4.911996194,-2.931185473
-0.871445667,-0.208016606
-8.186860329,-3.719941373
-0.401887739,-0.169283951
-6.816581074,-2.804853746
4.873967849,1.475552632
0.105131603,0.042952453
-1.737149076,-1.529542262
2.310077394,0.982810289
3.049115638,0.927529775
3.055891919,0.421718749
-2.960196364,-2.310084242
-2.713543676,-0.52430557
-2.32892839,-1.491380116
-0.489343803,-0.300872632
-2.816311726,-1.160228977
-0.281519612,-0.087472066
3.135859551,1.558436077
0.966537778,0.248915491
-1.480108788,-0.765847384
0.308646296,0.29087522
-5.039522913,-3.87218856
-5.814119951,-2.986283493
1.855799768,0.653088322
0.140212577,0.035853003
1.566543355,1.107138589
-1.143295747,-0.539928568
-2.080291746,-1.545637693
0.820858182,0.44256439
5.338111511,3.747680412
-0.549894526,-0.292381538
-2.949048871,-0.196825971
1.752680832,0.423815055
-1.647846766,-0.210116489
1.116738002,0.580681306
7.259506609,5.71761981
-0.422045474,-0.241639985
0.28609543,0.181258886
2.617042196,0.566441392
-4.24588151,-2.788617922
1.65144705,0.777749697
-4.136358695,-3.533361326
0.6433443,0.530678881
0.793741609,0.498889922
-0.00798659,-0.002880904
0.593773382,0.405077064
-0.563526906,-0.442691317
-3.342322905,-0.626543327
1.097483495,0.189992733
-1.196043804,-0.779688053
-0.896250955,-0.405030038
1.404516267,1.188843815
7.285873195,2.556666475
-5.546052188,-4.837497314
-1.477045421,-0.713576696
-4.899494258,-1.757004569
-2.574000778,-1.157902317
1.45237741,0.081176351
-1.63980376,-1.383206868
4.858334237,0.328057922
-4.074430566,-1.422614239
3.493724814,1.615798783
4.556566824,2.491617975
-4.927274395,-2.444632727
-3.337964215,-1.682686214
3.126693345,2.063220407
-1.575623297,-0.655960857
-7.077299195,-2.047432157
-4.037581527,-2.257043262
0.742331637,0.588888115
2.102565676,1.438065359
4.039092591,1.226654296
0.633922219,0.235450601
-2.810960654,-0.583887344
-0.686430025,-0.354364881
-0.176840204,-0.138223757
-0.747581042,-0.3242037
0.291894182,0.164729566
3.236737564,0.642556538
-3.403909581,-1.731746074
1.286796147,0.18866952
0.610574187,0.131295789
1.65224391,0.718537852
-2.252990283,-0.721279803
0.368707429,0.12077132
-0.325272507,-0.147686198
0.674659673,0.217081293
2.048762774,0.821726704
4.635618412,2.166244433
-7.0294986,-1.987463919
0.865423231,0.276365614
1.996950231,0.616142897
-0.666511526,-0.2964531
1.133438537,1.018229173
2.479410736,0.831374763
1.530934662,0.379923614
5.821187493,2.325327499
-4.827191122,-2.798403449
-7.209739177,-0.677746677
-1.77967015,-0.46473593
-3.469680977,-0.902437806
-1.70186843,-1.34291161
4.282427302,2.502069506
0.306943746,0.209861479
2.960467923,2.357208373
3.623279662,2.554694889
0.974721155,0.464449804
0.523431815,0.184987173
1.734596978,0.586330704
-4.574105061,-1.032423173
1.69989519,1.303590124
3.905030283,2.400288513
2.813753202,2.077821499
0.408348245,0.296690213
-3.273227904,-1.883702769
2.163029792,1.577018075
-2.912944498,-1.913119923
-4.09810714,-2.687198411
1.38915817,0.38902863
0.557769107,0.393735324
-2.911771744,-1.471111896
1.326754017,0.541785755
-2.53218223,-2.154895028
1.328670589,0.090948769
0.471234727,0.182967536
1.394910307,0.948093666
0.902175018,0.44658822
-3.097295361,-0.942849416
3.376677365,1.423739927
-2.856002323,-1.092758044
-0.48984335,-0.071903902
1.72345424,0.855135745
0.175340116,0.086846162
1.832783482,1.472970779
-4.393294203,-2.522981566
-1.266669446,-0.392110228
-1.367030193,-0.047485635
5.327192735,3.987371432
-4.861367513,-3.890421193
1.470977239,1.327918159
-0.649696408,-0.420007166
3.539905618,0.627779545
-2.636034167,-2.126863456
0.953087594,0.57262375
3.400108719,1.579544647
0.734377573,0.096556031
-0.133857358,-0.106460295
5.384106604,4.790953582
-2.124615243,-1.88077489
-2.162210748,-1.460821611
-0.733218917,-0.371772267
5.311643464,1.843671354
-0.74817068,-0.491942489
1.74249861,0.914391234
-3.175079889,-2.792106651
-1.540436629,-0.427853739
0.191095529,0.123108112
1.805109446,0.889347614
1.123034014,0.060169023
-1.820083028,-0.17887187
2.303368619,1.231934327
-0.938555543,-0.792424643
1.591109187,1.068442562
4.719528968,3.149377858
0.544766774,0.422287242
-1.256494406,-0.522737827
1.784700294,0.548755404
3.144230649,2.420999949
-2.886538478,-2.429493649
-0.43571696,-0.216727636
1.101800013,0.802883888
-1.724871754,-1.044006496
-0.952925436,-0.388016514
-5.072307365,-0.783774136
-1.108057755,-0.838288992
-2.604772656,-0.331561851
-5.545028383,-3.023539924
-3.090855421,-2.585843314
0.651798289,0.455105994
-0.222989983,-0.084890993
3.322635726,1.44271153
-2.003314206,-0.432519844
-0.955256717,-0.258975093
-0.628247651,-0.232837108
-5.824750314,-3.04256312
-0.186716444,-0.029042997
-5.85163848,-5.024014969
-4.367718841,-1.65906276
-0.834874269,-0.430640911
1.046721793,0.665748011
1.509813622,0.2837563
-2.520968963,-0.755326014
-2.047514824,-0.980234078
0.488560375,0.374230219
-1.857928046,-1.415504545
-1.872966359,-0.226464476
0.971064716,0.077157958
-0.511345179,-0.124204278
2.681222763,1.208446434
-3.873821798,-2.569262068
1.040779076,0.62040757
0.060133982,0.039900554
-4.216583621,-1.255002069
-4.65377555,-1.322551413
3.243340845,0.96079777
-2.888821924,-1.458601462
1.385946912,1.254357384
-5.59987021,-3.434901879
-3.006006556,-0.375718327
-2.561947821,-2.105415898
3.045623005,0.922052999
-0.471720063,-0.338491596
-1.894396228,-1.286794695
2.312805853,1.549723229
-1.400019555,-0.600359143
2.718632939,2.082735258
-0.421717444,-0.358337375
2.395521657,0.190858015
4.940662315,3.304158564
0.555030389,0.359523624
-1.572134439,-0.95526204
1.234825273,0.983181278
-0.058570828,-0.031059202
1.756497992,0.935866271
6.659268641,3.329296427
-2.596717182,-0.9352858
3.989073797,0.513880114
0.337916824,0.133063116
7.964893392,1.370784089
-2.212383971,-1.004462002
5.885056287,5.330708376
2.059465149,0.654449604
-0.080166003,-0.03701369
4.014079418,3.794030927
3.390187578,2.921399674
3.446869767,2.281514161
6.250648883,1.077572816
1.446611766,0.713311628
0.8678733,0.395685495
-1.732529645,-0.219712625
0.320866051,0.233926876
1.748173832,0.753765076
-0.897121603,-0.196365686
3.984843922,2.144457478
1.668655758,0.895333226
-0.692267569,-0.203092532
1.680747685,0.666672173
-3.137277608,-1.261564664
-1.558934715,-0.736275125
-0.132754941,-0.115573035
5.075389518,2.86845343
2.649420334,1.779319072
7.620029101,4.224488381
-0.849877176,-0.168043336
3.726005176,2.354281259
-1.198796543,-0.350135503
-1.48226586,-1.24769954
2.829873142,1.26420828
0.561522432,0.215027618
3.778183814,3.376139552
3.888685582,2.349384741
-4.891581976,-1.244917224
-0.102196732,-0.034869285
0.381803775,0.244599195
-2.738849681,-1.747484684
-4.978579784,-2.129700648
-2.065071474,-1.128120509
0.991528584,0.343437834
-0.737977953,-0.239445741
-2.161958736,-0.72036311
-1.013206212,-0.847815506
-0.539030427,-0.230019569
-4.446485888,-0.835697784
-2.967351707,-1.779392071
0.385099196,0.063787184
1.565625394,1.054840108
0.249255294,0.123161087
-1.371901978,-0.542549053
-3.654859986,-1.517699416
4.920999714,2.963814141
-0.483023529,-0.057923832
4.518552227,3.084128671
-1.317512683,-0.720435811
-5.601474494,-2.701203919
-3.178680692,-0.562758645
4.327156188,1.621273361
0.236574615,0.117039864
2.265601644,1.346182724
5.612411433,1.697961534
-1.258888133,-0.661208901
-5.099032865,-2.410738991
2.086297242,0.838766475
-7.621038942,-2.838158461
0.686800105,0.348273522
1.925027316,0.730074263
-0.898798313,-0.514473913
2.35312713,0.900536872
-0.801312947,-0.314098028
-3.833850265,-1.473584386
2.411296189,1.511455291
1.916443764,0.280731182
3.636629517,2.200511328
7.163145676,0.853736064
-0.159332814,-0.057734894
0.784913152,0.426327438
-0.828253128,-0.231650702
-1.059323385,-0.969338645
-2.726321605,-2.518372744
-6.034491279,-2.023862117
-0.718949882,-0.497032545
-2.575035333,-1.185960883
2.769379269,2.403156853
1.317369473,0.977233418
-1.979882217,-1.186054005
4.64272499,3.605300032
3.213374723,0.541001306
1.853415704,1.135133438
3.091037422,2.250603773
5.401449384,3.380360838
3.151063709,1.92196157
5.497394136,4.562950005
5.359832426,4.791374392
-2.183245425,-1.54935542
-3.091777713,-1.433356769
-3.2089592,-0.815551489
1.002301804,0.8540835
7.266399461,3.005816045
3.036726788,0.803465916
-2.733780936,-1.268325961
-1.127028681,-0.368504919
0.476870918,0.296182321
2.245479963,1.181138085
0.544935637,0.287572123
1.107886869,0.932552557
-5.292035847,-0.448391917
-2.187634383,-1.386556667
-3.265060636,-0.4433691
1.095469935,0.533228926
-1.714974302,-1.106427585
3.536248665,3.163566005
1.240527257,0.57164356
-4.481129757,-3.14445571
-0.293377559,-0.107858851
-0.20750602,-0.032259623
6.199218915,1.285661008
0.472633439,0.281411178
1.242956007,0.235650124
-1.275008517,-0.659137545
-1.137516038,-0.37112325
0.510030441,0.398952466
-0.779563991,-0.484118607
-0.870289981,-0.60434308
2.741714439,0.823690519
-0.738904979,-0.325719825
1.898991979,1.092160697
1.798025708,1.327426667
-1.592230524,-1.052762156
0.303129179,0.144414649
2.821242601,1.635991651
2.958214848,0.790463476
-0.297133068,-0.081039577
3.889839251,3.44674581
0.894180428,0.123859219
4.743847695,2.934627844
-1.414858492,-1.16485588
-0.724604736,-0.455970834
1.997784287,1.669265209
-0.972253023,-0.318078794
-6.486753573,-2.552959023
0.712927319,0.474645974
4.097868656,2.938311157
2.915328025,1.893121492
-2.162754613,-0.99840006
1.101835052,0.773335259
4.024220682,3.196958866
-0.730446991,-0.391061865
3.537721103,1.742401069
3.287471359,1.754237867
-4.635204028,-1.496312082
-3.082617344,-1.983860475
-1.420769253,-0.734594662
-1.914826567,-0.836143078
0.53468788,0.183418483
-0.141544663,-0.049490097
4.860631661,1.199133224
-4.686406982,-3.679413933
-4.434929648,-1.652305362
2.04417039,1.417414014
0.768771442,0.343076835
-0.332072186,-0.221999205
1.992005482,0.801092123
4.4142052,0.46186762
2.396752857,0.79818554
-2.571389841,-0.229430031
-1.420869892,-0.875182619
-0.465567741,-0.045362623
0.445891763,0.368771422
-7.902683754,-2.41046045
0.800699064,0.328093697
4.44676099,2.003908216
3.650245063,3.390224219
2.513773086,2.146769916
-0.453923789,-0.089659824
4.235785814,2.005815433
2.882898707,0.436590141
-3.461571442,-0.978097954
-4.145139425,-1.192329349
1.398012162,0.29968364
-0.057706213,-0.047365411
-6.228461426,-1.464185679
1.76450346,1.235046728
-3.563267538,-1.096475145
2.141007064,1.379330325
1.793690966,1.50646848
-3.000876512,-1.718410339
-3.518143671,-2.927600983
-0.236336964,-0.202785289
2.617818467,1.16488708
-5.004976482,-2.824544091
0.194135419,0.07999491
0.847702512,0.424642988
-2.00478368,-0.396650464
-5.932775158,-1.634863218
1.371022879,0.973115717
-10.56505235,-9.675553377
-3.277949319,-0.358530428
-0.024152118,-0.00586919
-0.694674719,-0.675355531
-3.354742848,-2.050772847
3.082899171,1.281989087
-1.395803363,-0.80084867
0.922021895,0.558536772
2.02080769,1.397804314
-3.388273297,-1.045636837
-0.42164986,-0.172374166
0.510419097,0.029645899
-1.164096272,-0.763811081
-3.940034476,-2.024768865
0.559259102,0.142694622
-4.415021005,-0.368770802
3.979744307,2.886588221
-2.051197145,-1.265500812
2.453305438,1.728401965
7.927165639,2.026844547
-0.697327197,-0.149392914
0.756606995,0.179124258
0.019293929,0.010247858
-2.148076412,-0.776915183
2.146687645,0.987011834
1.137203652,0.587007622
1.611851716,0.553757048
-0.170654669,-0.077074499
1.030506963,0.459745118
-2.898585735,-0.870284883
-4.230255391,-2.716680204
-3.002967475,-1.497494748
4.319334058,0.533026782
-4.787974835,-1.079918109
-0.954530173,-0.506880691
1.495852504,1.026086855
-1.721919535,-0.938980351
-0.52141119,-0.450638742
3.553564671,2.234324822
0.616794685,0.397956111
2.044157871,0.231533061
3.056713765,0.25201473
-0.650411124,-0.406178361
0.984274365,0.889539476
1.547151514,0.584633149
2.827362883,1.007569066
-3.875018838,-1.811700723
-7.233769475,-6.296890186
0.723825116,0.267259424
-1.947365793,-1.005327854
1.306213323,1.164764119
0.031070497,0.003582335
-3.018540119,-2.202543014
-0.924068769,-0.370901219
2.047018628,0.568881767
-1.074057198,-0.259983496
0.328262178,0.260035241
-2.045334451,-0.810201129
8.3288137,2.938645647
0.460256753,0.193053384
2.675371806,2.152380909
3.294397011,1.890262364
2.618068475,1.336306137
3.213062077,2.237020892
4.329914606,1.42418609
-1.645904741,-0.618296002
3.967111449,3.504826883
0.159378718,0.067974056
-1.570297533,-0.657923509
0.465750276,0.251152578
-0.57628399,-0.217929574
-0.394434628,-0.152637488
-3.513866324,-0.865826758
-0.144891248,-0.104029984
2.966717162,2.407971216
2.998664699,0.669045483
-6.132269833,-2.201869806
-1.439999138,-0.599670039
7.541526527,2.874553168
-2.154928365,-1.562580714
-1.291337201,-1.091650714
2.231696193,0.663768278
-4.10311232,-2.758791055
0.981149674,0.040731329
-5.968836804,-1.484502065
-4.887705193,-2.015204353
4.284031748,2.540963132
3.515001924,2.606620414
-2.161320171,-0.344496949
3.921951207,1.823030359
-5.148255011,-3.165547064
3.52035226,2.64618211
0.809380435,0.375335903
-1.082323932,-0.635153149
-1.466154973,-1.269040019
0.587504736,0.387302997
0.779131719,0.457598163
-0.92194049,-0.160100568
4.488678749,2.285248795
-3.926966108,-2.222468079
-0.082841093,-0.064822509
-0.789599239,-0.227522275
-0.629837973,-0.295247289
-2.979091761,-0.924468131
2.967338497,0.552748441
-1.739676318,-1.028431409
-2.117486309,-1.059036986
-1.478709502,-1.060163602
-1.656434432,-0.691584106
-1.830356346,-0.616460838
2.327429722,1.200042596
2.574506288,1.046934206
-6.826825456,-5.337433526
-0.302253331,-0.182022104
0.419673922,0.141229923
2.988425774,2.94309762
-4.125710508,-2.443821421
-3.464765058,-1.223214218
1.780074475,0.913424328
1.800850261,1.573724275
1.418011378,1.26373504
0.113852552,0.045009155
0.057782837,0.044284732
-2.839579939,-1.368750481
-1.060932287,-0.827920609
3.8687905,2.427419613
1.740516519,0.067749861
-3.171106245,-0.699861475
-1.83288145,-0.92274479
3.613253061,1.599388729
2.092399741,0.129736856
-0.105515058,-0.078954499
-2.495797149,-1.544481455
-0.209829776,-0.124083908
2.398095954,1.65055542
-2.278081783,-1.41572757
4.697867353,0.838245244
-1.477031929,-0.676598615
-1.702453407,-1.062042545
-0.572051168,-0.395647368
0.435931597,0.298671554
-0.588900223,-0.561630238
-4.889955173,-3.360409571
-2.163317373,-1.494974074
-2.2232418,-1.751912784
-0.853757907,-0.427998236
-1.355656258,-1.022773558
3.035708426,0.863072934
2.875035011,2.550049291
-0.314190678,-0.261391414
-5.31874764,-4.151347515
1.867944872,1.091673388
-0.913617317,-0.704395081
0.998826852,0.403629865
2.286816541,1.803461107
-1.613978291,-0.753146313
0.499597666,0.183173246
-0.896639813,-0.336542888
-0.743606078,-0.138526144
-0.312955019,-0.056916054
2.271076817,1.757465282
-1.282620747,-0.942516462
4.174539869,3.517661875
-3.148888353,-2.444482048
-2.448877857,-1.527397118
1.133189773,0.812908064
6.290385354,1.534617544
-3.229858101,-2.088237309
1.702952617,0.397431134
-1.974222166,-0.647311986
-0.583670138,-0.171265995
2.380954534,0.450108754
-5.068052112,-2.595158743
2.514568567,1.086395234
4.25251193,2.552494922
-2.847284042,-1.965750074
1.650618572,0.857289177
-0.453531446,-0.171069145
-2.51479502,-1.954919507
1.525466869,0.66895016
0.774856438,0.566985883
-0.635395721,-0.084242132
-0.477598653,-0.266109601
-2.053804651,-1.558570472
-0.192817047,-0.076836962
-5.151265823,-3.838708265
1.273771546,1.022339434
-2.191131135,-0.877611258
-0.254552033,-0.124481898
1.783690136,0.200059026
3.380476954,2.880190852
8.632014206,4.57090594
-6.975225048,-0.862332768
-5.208836231,-2.740743377
5.094766665,0.227481662
-2.782827347,-1.04817978
-0.629281137,-0.332187919
-1.217407292,-0.745064609
-0.306424127,-0.09712281
-1.097378399,-0.052064351
4.666962019,1.771898951
2.98048184,1.418396872
-0.282858279,-0.153092681
3.759615339,2.835068936
-1.644770776,-1.547688814
2.441328703,0.871084712
-0.673892748,-0.645307381
-4.096549621,-3.265282583
-0.233080131,-0.082526533
2.806464109,1.786366305
0.639037065,0.542360094
3.007106518,2.038276865
7.78030013,6.437925202
0.033693026,0.016325193
-1.21667609,-0.419667372
-1.201352697,-0.429268705
2.428152206,1.467872638
0.355315531,0.131521812
-0.088836421,-0.057112233
1.548640606,0.272538416
0.434688615,0.223383628
-1.664514802,-0.258490917
5.33945451,2.138535296
-1.270436349,-0.747426343
-2.86106798,-1.295251947
1.032031323,0.593808608
-0.179461166,-0.084389091
5.751087486,0.8772694
1.976671553,0.803886167
-2.663928198,-1.361115983
-3.603027194,-1.069380107
0.070396019,0.012948629
-4.100365867,-3.504839623
-4.127864204,-2.91740491
0.672263842,0.084333815
-3.232822338,-0.147466718
-2.829830643,-0.160816196
2.843890924,1.887847773
-0.081460272,-0.045576576
-2.883037227,-1.838400286
1.344647797,0.630603859
-1.908990199,-1.139202936
-2.239331932,-1.330423935
5.001258881,2.343313744
-1.458499491,-0.64900244
-0.998790077,-0.193380248
-4.049157145,-1.940676898
1.704182909,1.031384695
-1.935932329,-1.844333926
3.47627234,0.692378492
-1.497951033,-0.740042746
1.286481672,0.564174842
-4.946427334,-2.081459705
4.42103068,2.363486305
-1.375354496,-0.735141132
-0.28856284,-0.072756915
6.17021155,5.333491193
-0.376564327,-0.258647709
-1.847773094,-1.283159266
-2.833042217,-1.823008157
3.024253087,1.161541166
-0.58059396,-0.343423889
3.285993353,1.243534041
-0.98115008,-0.389096877
5.760015471,2.725117055
0.397822821,0.196142757
4.772549735,2.93292682
5.926748736,2.535082011
1.862331689,1.599683488
-1.015132186,-0.833537707
1.89305572,1.104830696
-1.299680488,-0.474423669
-2.363949158,-1.655531221
-1.019127483,-0.387282573
2.280545835,0.634566659
1.365424495,0.821527366
2.399021856,1.994499283
2.518742691,2.009099296
-0.985226738,-0.611925034
2.329013732,1.349221184
0.719632589,0.453712557
0.412567975,0.195360606
1.044456734,0.68009565
-2.718236091,-1.269927729
2.395585275,0.460239347
-0.049594171,-0.021288499
-1.739043196,-0.486651293
-1.895110879,-1.129925977
-0.59675634,-0.272465422
4.095225607,2.529835383
1.677969144,0.70427565
-1.772294414,-0.980378006
-2.71432901,-2.338805598
1.420922525,0.349847902
-0.21593621,-0.054574882
0.858229057,0.3833439
2.960120452,1.500591018
-0.336974606,-0.036740233
1.280067659,0.611861351
-1.819610511,-0.604691951
-4.54984528,-1.291865927
-0.004235814,-0.003661978
4.272689454,3.035066494
1.755990145,0.935477983
-1.126856158,-0.615276658
-0.037693538,-0.024271854
-2.518728238,-1.507911448
2.704279894,1.207008589
3.400843083,1.100376507
-7.29270018,-5.901671399
-1.229486326,-0.744351114
-5.370014908,-3.963732142
-2.422493383,-1.468139518
-1.618075921,-0.705257298
-0.86832397,-0.04803133
-1.965558194,-1.653679508
-3.701684354,-2.401640177
1.268710114,0.727459509
0.040509657,0.021116232
-1.526413534,-1.105072354
2.495835781,0.994510827
1.947613868,1.74847844
-2.310793585,-0.669401354
0.734799081,0.425832568
-6.005907947,-2.827261532
1.261371432,1.011114409
-2.121984023,-2.040828162
-1.429818221,-0.037357864
-1.827768035,-1.298907332
-4.278506593,-0.209256418
4.03733369,2.516973578
-4.52748044,-2.295173479
1.681069405,1.246810346
-3.680209175,-1.994142397
0.695097713,0.302621519
0.24865113,0.073434396
-1.509293779,-0.617003778
-0.154125261,-0.04817874
4.876902595,3.323590401
-2.504281628,-0.703860854
4.007023384,1.406807991
3.454058059,1.099614966
-2.399686232,-0.988613462
4.033734156,3.552684176
-0.745669794,-0.175653832
1.383337136,0.977581339
2.2691004,0.104647498
0.683324963,0.222977169
-1.045098049,-0.521888861
1.231870099,1.042034648
1.79843635,1.211561459
-3.696344829,-1.312758864
1.080019511,0.026639313
1.46051067,0.561862907
-5.940513359,-3.486116937
-1.701240393,-1.033053617
-2.444071898,-1.045642052
-4.499966569,-2.669363602
-2.409645962,-2.084477356
-1.552600292,-0.175473538
-1.352955771,-1.080687511
-3.803761154,-2.149759414
5.403478726,4.274188561
-2.880226226,-1.523898979
0.715066001,0.495884966
1.251491085,0.178673196
0.113875785,0.042141314
-1.057548769,-0.763242246
0.43958994,0.338890471
-0.262782704,-0.218824506
3.024480101,2.025195223
-5.155199216,-4.793300782
2.935766294,0.94933435
1.459234759,0.456852188
1.222209134,0.189615167
-0.864827081,-0.349248537
-0.597184824,-0.374649098
4.24145117,2.964434226
-1.768581183,-1.629328438
0.595504516,0.347346499
-7.121040345,-3.520651117
2.802926564,2.255136994
6.353200163,5.198591907
1.058235648,0.462770692
1.48984066,1.221201457
3.508253235,1.78150242
-0.993344534,-0.616833389
4.391069019,3.492570011
-0.148320697,-0.091222931
-2.338876163,-1.981966234
-0.617093756,-0.230958434
1.495056888,0.867526705
-1.53110876,-1.113070485
-4.114996435,-0.505585891
-0.073156336,-0.037931926
1.304840019,0.404765309
1.628393961,1.188656884
1.585907056,0.628570194
3.93744373,2.948327933
6.363737453,2.991761178
-2.005266275,-0.586396281
-2.351473431,-1.176652058
1.0055708,0.445299329
0.093018047,0.046117226
1.864148855,1.265902465
2.483655645,1.322055564
-1.158277903,-0.255199222
-0.955567244,-0.712727472
0.116308028,0.10834163
2.170658439,1.295551936
2.023863011,1.050695021
2.654525903,1.051343755
1.42950602,0.847095818
1.890857345,1.044629407
-1.223194856,-0.213870545
-3.444564142,-1.615409231
-0.837189224,-0.759853893
-0.129076102,-0.061160966
-0.708317106,-0.257137075
-1.645351812,-0.515110524
-3.800065755,-2.80128309
-0.379328544,-0.175135862
0.853910585,0.306449872
1.256735006,0.881558983
-4.731101448,-2.376066343
6.850387839,4.421858024
-3.819874896,-2.807472874
0.480062295,0.196027851
2.180547025,0.354622345
8.396447318,6.094498885
-0.66360311,-0.138236089
2.548935121,0.572619258
1.336720225,0.611691622
2.722858116,2.447983011
8.560074842,5.694391735
-2.280320045,-1.526987399
-5.961847522,-1.751339159
-2.046810115,-0.463495326
2.067340785,0.296416288
-3.194859371,-2.110759183
-1.984479631,-1.603212204
1.179096184,0.996396815
1.685668293,1.082337398
-2.544494088,-0.528299175
1.575424249,1.351643587
-1.53384801,-1.083848797
2.115687721,0.193721408
-3.079364676,-1.084610732
0.354425339,0.067825663
-2.820787796,-1.792332793
1.659716258,0.16604377
-4.613815285,-0.884153247
0.58122528,0.04913775
3.319586866,2.164864787
-1.37529122,-0.82432769
-0.621354802,-0.154648006
3.5933239,2.417192225
-0.010968363,-0.006712809
-5.795220092,-3.828386192
1.853148769,0.645007587
2.26346423,0.165753903
-1.096247827,-0.238404548
-1.792375305,-0.66150162
2.209756383,0.663951357
1.160737663,0.455137437
1.316598337,0.752023779
-4.697154837,-1.969127451
-3.16924792,-2.716720095
2.096763903,1.751461498
-1.575482693,-0.428547262
4.476199448,2.051284562
2.066532314,0.770266162
-1.66123231,-1.07892946
3.125066442,0.667393811
-0.380330201,-0.181544367
6.050656625,1.970921907
3.39272697,0.765775998
-2.934598294,-2.086023476
0.044166694,0.002157807
-0.117362436,-0.055277542
0.834688966,0.523395541
2.799806118,0.696375316
3.496879754,2.690234981
3.133484519,1.216897699
3.548024225,1.270519627
0.418601044,0.385209568
5.875879047,0.825304215
1.401155672,1.031652199
-3.746877962,-2.078313293
1.24579717,0.913874694
-2.645877777,-1.504168914
-4.436644178,-0.863232102
-0.580319511,-0.551566502
2.027749804,1.515328013
2.39680552,1.877293663
-0.469739998,-0.315428393
-4.334247278,-0.872696766
0.502040528,0.371071643
-1.907508408,-0.4942272
-1.928876257,-0.318916377
-0.181797794,-0.081846593
-3.448153263,-1.379923315
1.483629041,0.350302932
-0.491963041,-0.467625619
0.449433797,0.075159968
1.91554737,0.529345535
3.662917247,0.550141518
-1.462732035,-0.607390127
-0.543018093,-0.299142881
1.895222485,0.594310023
3.342617044,2.475363107
-6.977361295,-4.385425323
2.730389214,2.249688146
-2.784358322,-1.057547082
2.978850116,2.355326275
-7.454240676,-5.14222568
3.711589682,0.023729111
-3.238912597,-0.466898533
0.071644857,0.028786648
1.27857493,0.917397979
1.679161935,0.401150088
1.933694498,1.38265357
-0.80847135,-0.418015051
-1.385677132,-1.045775029
3.222010587,1.651514784
-2.686788497,-1.06491422
2.002176854,0.151557531
5.506896331,0.764308023
-0.705461548,-0.405515404
5.995759804,4.266448872
-1.422768366,-0.665062639
-4.805178502,-4.598016036
4.65125042,3.667632971
-2.165025558,-0.497613034
2.951058895,2.273885728
0.157402553,0.112785576
6.364652946,2.339499475
-2.875757201,-0.364121355
1.083394297,0.729688828
3.666211826,0.80694887
-2.770152166,-1.568659204
-1.053179683,-0.578496023
0.762987206,0.338885056
-4.675690054,-2.176870768
3.758602543,2.640555299
-4.235027262,-2.701736691
-5.566999289,-1.385323475
10.52745486,9.518609599
-4.811432161,-2.408644026
5.563679115,0.939990675
1.687035117,0.972667107
-2.263019587,-0.581213868
2.48567669,2.281757873
5.268909583,3.811376378
-0.312556901,-0.063226168
1.466778917,0.484534165
1.910625437,1.755410823
0.678421495,0.276699933
-0.657989879,-0.564970121
-5.63958248,-3.621099645
-4.498630684,-2.545258305
-0.220221194,-0.10647686
-1.443349194,-0.170483491
-2.566815127,-1.685087921
2.380597898,1.837970207
2.000934687,0.606885092
-5.006237486,-0.645684559
5.86258879,3.334645601
-3.550780614,-1.41288875
-2.919820769,-0.63612699
2.096226615,1.014177652
-5.842226268,-2.819976118
-0.385484157,-0.324421695
-1.511695426,-0.643379223
-4.132588635,-2.87109856
-3.037824135,-2.106106582
0.178657519,0.085158171
-5.037675445,-2.958071719
-1.612581583,-0.851676988
2.973250884,2.312121586
6.194982689,4.648744611
-0.631346609,-0.054176635
2.555415935,0.38294769
-0.017244818,-0.010059236
0.978412111,0.886980369
-0.530576074,-0.147998822
2.847662611,1.258043915
5.210149941,3.742274811
-0.532124281,-0.361560361
2.73945019,2.456334688
-1.060867388,-0.179824954
2.809358357,1.474801498
-6.961613897,-6.263700841
-1.092014354,-0.853992065
1.306162531,0.173115352
-5.151611623,-2.63043264
1.755294295,0.828114663
-3.377771595,-1.711959008
-2.839231752,-0.528314844
-2.938736542,-0.843837619
-2.234224137,-0.847531416
3.274948371,2.386688856
1.646619229,0.279101202
5.37900321,2.020716025
-0.830890609,-0.656793603
-0.423784823,-0.077911736
-1.99023477,-1.077040318
1.126366546,0.481802645
4.126908946,1.90747741
-1.788276997,-0.638735549
4.257355184,1.188304742
2.707855422,1.535710069
4.373579464,2.130960112
-2.267750404,-1.323150031
2.630084641,2.216471728
1.051298701,0.529386403
1.362875916,0.414883839
4.504159637,1.663721294
2.464248614,0.698481049
-0.04676068,-0.038258785
-0.334997107,-0.20040018
1.883363358,1.089690427
-1.0310956,-0.70766357
-1.243142992,-0.496032204
-2.329636834,-2.269689779
0.672216938,0.397524578
-1.063124413,-0.361900441
2.330598201,0.418173405
-3.727973576,-1.01755355
1.595273646,0.992699755
-0.191026117,-0.052593319
-1.232046463,-0.50439041
1.355862301,1.089616745
-0.644171452,-0.121742248
3.253292788,2.186350783
-1.849564308,-0.767480752
-1.341982032,-0.71523363
0.615394507,0.146936683
1.701466632,0.982467871
3.962731553,2.806070858
-4.182961814,-1.166123212
5.634818661,2.113845264
-1.621450207,-1.189686383
-2.493582966,-0.898752954
-1.496153305,-0.823557207
-2.792828507,-1.15750964
1.09288365,0.768465166
5.010779353,1.849295408
0.600520703,0.233630663
4.835005686,3.663647622
3.588893951,1.36578299
0.086701154,0.019001619
1.249807585,0.507278741
-4.124855054,-1.629637185
2.227268764,0.736987243
-2.750780348,-0.598176159
-3.915877943,-1.986584569
-1.926696742,-1.598863189
-7.344053133,-2.870460111
-1.598406918,-1.060942302
-2.237907083,-0.904132975
0.103970548,0.061476507
-2.846792198,-0.528000673
-3.083302851,-1.020660131
1.087171006,0.459878833
-1.649918009,-1.011050703
0.264107336,0.12395745
1.770954071,0.61699166
-1.252919277,-0.475896265
5.8867717,2.986082476
1.854211896,0.817108491
-0.910640918,-0.73017504
-1.990987778,-1.723387109
-7.115303415,-5.977538464
-4.658238737,-2.137744864
-0.806742215,-0.314318156
1.148317488,0.502635221
0.568848283,0.204788368
4.088298283,2.416530317
1.987320474,0.166199684
-0.224782775,-0.075026948
1.952304818,0.968922929
-2.458290598,-1.297425523
2.731253551,0.40542064
2.114318941,0.806352702
0.198916956,0.115499308
2.463213943,0.474166863
0.727146048,0.541715008
-0.893195598,-0.564718478
-1.62648656,-1.016664645
-2.347173771,-1.753291046
0.398125617,0.13812547
5.359450157,1.285406246
-0.263368958,-0.21696527
1.182619521,1.046623281
-1.582026395,-0.157796024
3.263614555,1.553304068
0.948415052,0.545964935
1.008288016,0.720767215
-4.400342007,-1.252237802
-1.255713245,-0.360699146
-8.636931535,-7.051553625
-5.414074143,-4.668202897
-5.154328007,-2.366437162
-2.929536819,-0.860420286
3.094952412,0.893522087
-0.738262889,-0.384753323
-4.158366642,-2.063610269
2.629609363,0.568497056
-1.95720167,-1.474453742
4.915315553,3.688406099
-0.532812133,-0.058544103
2.698049316,2.45009733
-0.99406174,-0.555426186
4.208021348,2.446661282
-2.08644791,-1.374550808
-5.4073222,-3.042604492
0.512524605,0.319531336
-0.590045029,-0.246937917
1.825870957,1.438417115
-2.743516506,-0.621990491
0.236429163,0.149204219
1.674172273,0.446297418
1.34121578,0.250572318
6.40949033,2.705427683
0.763028839,0.303664127
-2.734568171,-2.453136238
0.901781685,0.277378278
-0.529062865,-0.423224118
0.698484418,0.055237926
-0.103116608,-0.05376864
3.197913028,2.336627736
-4.036993051,-1.816948115
2.865407594,2.436496907
-1.78086169,-1.243416863
0.984075749,0.606255583
2.284966984,1.347696832
5.977446291,3.864840035
0.08002622,0.04930956
-3.893543881,-1.034192389
2.290726887,1.594690733
2.033952542,1.199584695
0.831173033,0.719503974
2.04541434,1.721080763
3.770997526,2.523237456
3.721872128,3.520543057
1.034698082,0.363558684
-2.118673489,-0.847501157
1.657709095,0.549066416
1.550666516,1.164574648
1.856223413,1.252452217
-5.675994395,-0.392019664
-3.729118336,-1.730214287
-1.595908721,-0.577896522
-4.234298981,-3.222224718
-1.507069458,-1.289208827
3.070527016,1.888465554
9.040797716,0.782481163
2.188508396,1.738788341
-2.491571006,-0.699786164
2.110238022,1.612093909
-5.374861635,-0.391827997
2.637345534,0.695055216
-3.291503986,-1.725044176
1.452758045,0.365412616
1.690229062,1.348473366
1.640499234,1.289954475
1.553166596,0.783663951
-3.505894512,-0.4593098
-3.957001825,-3.33981267
-2.620013626,-1.096970778
-0.782258838,-0.398678521
-0.895512803,-0.563044079
-1.408952178,-0.906715563
2.460945088,1.071748288
1.158032976,1.014229804
-3.059843291,-1.206478863
3.839489661,1.742600916
0.05503334,0.0198946
-0.087060836,-0.058387487
2.907876915,1.489205869
-1.988855267,-0.789933419
2.580255551,1.126327046
1.006603489,0.588639272
0.509631804,0.115611888
3.150810258,2.632989709
-3.770682974,-3.164036595
-0.297627021,-0.06739241
0.191198573,0.072786314
0.527251676,0.289403368
6.296369755,0.882560188
-2.085787574,-1.350570925
-1.168449973,-0.962422812
0.364072341,0.162095042
-1.116331442,-0.638197066
2.378239735,1.049879856
-0.286298783,-0.158606679
-0.216418785,-0.171708259
0.701036752,0.299991918
-3.528384417,-1.735707009
-3.07846069,-1.913101226
-1.691327725,-0.800104727
-1.599830441,-0.255267625
2.109843875,0.687540877
1.582182744,1.058164194
-1.805055886,-0.273479677
1.575037961,0.675772197
-0.901183707,-0.381808377
2.129992827,1.512742376
0.674506238,0.223977966
-2.711885324,-1.071916183
0.85431979,0.325690544
0.250825605,0.06270427
1.712535223,0.133643887
-0.304649203,-0.198009361
-0.928787352,-0.181408761
2.138249272,0.868874449
3.416583841,2.813943526
-3.995959768,-1.403109161
-4.227547484,-1.366870789
-3.421205121,-1.190769764
-3.053812816,-1.233653026
-3.651926837,-1.139115977
-4.808035381,-2.717612386
0.566167877,0.519809474
0.900710616,0.397903721
3.416730962,1.617302462
-0.067692542,-0.014749254
-0.02538651,-0.010557529
-2.072208278,-0.833102533
6.128663907,4.356598714
3.189992773,2.530654739
-1.605441752,-0.936332767
1.247686283,0.479993611
0.914555131,0.659050586
2.884219572,2.315357106
4.373220058,3.15266463
6.819429949,3.054276702
1.344945522,1.07708051
0.331461184,0.107012831
-3.441374903,-2.585726396
-4.83979226,-2.154831027
-0.298985121,-0.091116769
-0.479599086,-0.185448576
0.82591324,0.306647012
-0.924429319,-0.791682302
-2.038004603,-1.357167012
-0.500492915,-0.099119782
-2.774146201,-2.050298791
-2.746585556,-2.342987314
-1.972931537,-0.66767829
-1.978376979,-1.570513313
4.812719096,1.012767989
-2.799562098,-1.621199302
-7.902276324,-2.808198992
0.423173496,0.148555345
2.825025498,2.265930596
-3.062707513,-0.583969766
-5.848444782,-2.900377133
0.485676717,0.16349992
3.005492648,2.658848136
0.812248743,0.384843273
1.410555745,0.925006383
0.082435606,0.035392796
-1.403842299,-1.013605114
-2.256222186,-1.027503442
1.26057006,0.139067077
-3.593267578,-0.908451415
1.994837217,1.107903872
-3.816784812,-1.027582694
0.979007594,0.284256139
-0.835528197,-0.38532104
-0.681656569,-0.346138708
-1.422998993,-0.361897211
-0.025378188,-0.020817062
-0.007566925,-0.003903138
0.158610807,0.062925791
2.620892911,2.210671882
-0.75914305,-0.102717336
0.535669745,0.377166343
1.819821865,0.363340412
-0.856739516,-0.241981276
6.853835929,3.258413426
-5.098327249,-0.774823955
3.330737168,1.280172438
-3.797308736,-1.900198399
-5.560656639,-1.63385458
-1.067881948,-0.486046117
1.310948478,0.568401313
0.551403992,0.518350914
2.977912314,0.967544007
0.784499577,0.685274387
-3.371731717,-1.625524253
-0.113298018,-0.017049673
-5.65046402,-2.409913794
-3.274768764,-2.057995144
0.268523488,0.171721926
-2.597712717,-0.510062124
0.312201688,0.173251814
-0.416722748,-0.204043038
5.600297639,4.449420725
-1.693267261,-1.197505146
-1.816785734,-0.780282558
8.353497154,3.335087341
3.930741332,3.109896775
1.78819721,1.556547737
5.799243477,2.014067602
-1.493783245,-0.38848593
-1.416918036,-0.552395257
4.374992764,2.547084216
-3.571433265,-2.468198602
-6.458010194,-3.336342085
-6.05720274,-2.069299181
2.965451307,1.454445426
2.435658989,0.746876535
-0.645944692,-0.535171308
3.605577418,1.238736445
-1.297096462,-0.643081689
-2.544508346,-1.761122117
0.518934886,0.075365579
-1.061879936,-0.673842638
-0.644239448,-0.212385466
-1.415928036,-0.557737747
0.827867369,0.731267423
-0.709522833,-0.215818383
1.660229787,0.477013526
-0.233976495,-0.089499612
1.782831095,1.04256073
-0.616441178,-0.359049614
2.591451965,1.30437555
-1.678666077,-0.089252842
-1.522599284,-0.776480468
-3.041907031,-1.950447675
-1.581095367,-1.09592258
-0.989125602,-0.913700656
-5.959544759,-2.241547615
-0.11821955,-0.057259701
3.559620345,2.883369508
0.303746422,0.160985696
-1.307804366,-0.446623806
-0.731901294,-0.216470191
0.896047172,0.346249506
-2.726063275,-1.744335291
0.719718758,0.340112536
-0.422983944,-0.121519021
0.510895521,0.336776835
-1.154259094,-0.163914371
0.166265821,0.137211894
0.73547321,0.112166367
3.483792299,1.300114499
-0.283449986,-0.203143815
-1.119446208,-0.669423674
-1.263021802,-0.895197316
2.931547696,1.485485356
-0.25951924,-0.091115657
-1.417612993,-0.868155339
-5.339352376,-3.565994479
0.385880314,0.085525133
0.563039146,0.436521255
6.807615503,4.942770669
-3.50230213,-0.692646849
0.016617905,0.010958501
1.092856089,0.510197215
0.883976667,0.298906878
-1.522449445,-0.750349156
0.13802739,0.072607424
0.496617768,0.377503892
-2.228990425,-1.437880498
-2.743514787,-1.159003988
-5.266455613,-3.652282056
4.669534931,1.593916235
2.651393728,2.284954366
-3.000016887,-2.441965653
-0.54784759,-0.143191693
-5.257326354,-0.717760151
1.459826773,0.30894543
-3.125240255,-2.287493586
-0.476625607,-0.44727484
-8.915743593,-0.409124026
-0.691834051,-0.418844209
-0.87231466,-0.406510313
1.729171165,0.897872751
-2.491503762,-1.070095776
2.479933587,0.447166483
6.107587134,4.322548993
0.439906865,0.264093396
3.767023393,1.22275832
-5.768707148,-3.912919309
-0.455406024,-0.194221494
-3.826615739,-0.788505808
8.657194433,4.413963211
-3.90096583,-2.943735643
-0.14963498,-0.082031628
-0.996597459,-0.377318665
3.235436549,2.56013235
-1.165398616,-0.95856121
-3.114685319,-1.566666132
-5.733374184,-1.77671309
1.785840025,0.367696968
-5.2024291,-2.102258965
0.042445374,0.037882953
-0.009223367,-0.002361246
-1.284684402,-0.37667523
-1.754182589,-1.704359054
-0.490708473,-0.173703167
2.841711225,0.181364812
3.071981263,2.133259142
0.119158981,0.090021803
1.729147973,0.769306478
2.379425394,1.977289974
-0.769802299,-0.145352358
1.620023783,1.051044061
-4.137155745,-1.39597713
0.197634647,0.094257679
-3.814396767,-2.2300934
-0.323867782,-0.117205779
-3.935747877,-3.181138875
-4.229036385,-0.77737179
-0.262538761,-0.173332721
-2.366128091,-1.854405151
-3.0956677,-0.189877378
-3.471525755,-2.323448165
-1.907469024,-0.159547316
2.176336693,0.859930909
3.51630506,0.566198129
-0.164062763,-0.1158114
-0.549772703,-0.142656289
-1.416317573,-0.803502562
-1.632997021,-0.553717554
-0.350534455,-0.077482559
-1.601462739,-0.605378951
-1.449500923,-1.17308063
5.604648344,2.190838795
-2.747610727,-1.663794142
-8.832121887,-3.298488745
-3.848261203,-2.416068788
0.779018962,0.556605177
-3.482484931,-0.883079964
-0.697608077,-0.362559063
0.773263113,0.412791319
-0.665138969,-0.233981946
1.195495676,0.33897223
3.225209935,2.486955498
3.381105604,3.029644162
-0.339095387,-0.058731068
-0.723700903,-0.42581086
4.395918821,1.377610305
-4.332118948,-2.932686665
4.330531286,1.250514744
-0.79663564,-0.477019971
3.499561303,0.831758967
-2.128090466,-0.637106885
-0.742028394,-0.69351663
2.983877006,2.314098989
-3.469265533,-2.459532798
4.097293833,2.059538895
0.550731088,0.180198247
-0.676048717,-0.323584975
-2.6255242,-1.622290686
-3.629608973,-2.709172747
2.259513694,2.154481224
-3.128581643,-0.852466199
0.940176871,0.256502601
1.091931806,0.647052467
1.062605236,0.930910715
2.193969716,1.147912536
-0.523363295,-0.456545542
0.597695789,0.339335795
4.346937658,1.489398115
1.480572571,0.707342038
-6.270127392,-3.216040873
2.09540136,0.758516918
-1.123093733,-0.430934749
0.327686866,0.112326931
0.708540136,0.245325422
0.151601668,0.050253725
3.792171617,0.318254554
-1.748083816,-0.831354986
-1.172457773,-1.021001222
-1.416575183,-0.163409093
3.618453156,2.365220788
3.430397836,2.87667508
6.775290106,2.417734671
-0.519611512,-0.350154113
0.361200461,0.198589062
-1.648534585,-0.582847397
-1.646729364,-0.891456094
2.519159864,1.386988296
-0.403858999,-0.19641916
5.321073406,1.406864978
-2.471484553,-1.552970429
-1.622216687,-1.160571181
3.229295041,2.246885948
-1.336413376,-0.340389183
-1.238737136,-1.191510544
-3.304250327,-1.228470325
-5.130602212,-4.346689369
-1.257880216,-1.070165232
5.711639247,4.971883643
0.154585604,0.109510704
-0.793887896,-0.389646412
-2.645180602,-0.465051503
-0.614299151,-0.349259368
-1.761455057,-1.432242928
1.165968418,0.450579936
1.323998065,0.636220518
5.160639051,2.58003152
-4.083296247,-0.242931933
-0.932441588,-0.675385961
1.227833058,0.229281425
-0.124447892,-0.086827898
-0.033784577,-0.019571036
0.961972295,0.407598384
-2.584935259,-1.036023316
3.583627939,0.412962718
0.437986572,0.222153995
-3.662064645,-1.79496602
-1.423975227,-0.800614004
6.993293759,6.213436592
-4.461744248,-2.001364548
-3.012915219,-0.807178609
-4.840891871,-1.519493368
-1.326075113,-0.38829545
3.944171046,1.915533262
2.005249909,1.113633608
-5.623477325,-3.189889726
-0.539317005,-0.483638719
2.614143376,1.856578779
-1.555871686,-0.340585687
-1.248098197,-0.698591321
2.219653239,1.159284886
-3.323273372,-0.738920939
2.259093755,1.631296454
2.747812675,1.042406436
2.409110678,0.713638959
2.48086665,0.649397632
-6.591841017,-4.323883139
-0.020227164,-0.004549017
1.429396155,0.585108298
3.951025764,1.735613251
-6.812261185,-6.000167181
-0.289768722,-0.048666716
-0.813350709,-0.28678692
2.013162581,0.825693775
-3.040401699,-0.406395402
2.421553873,1.569607802
-1.612810533,-0.451772069
-1.186367402,-0.785101214
-2.859361586,-1.664980339
3.762853963,1.774861195
-0.616978578,-0.400545482
3.542005946,2.78959196
2.127531438,1.607927705
-3.160609668,-1.232486654
-3.033819107,-0.625888763
2.578710715,0.651295218
1.696161758,0.917555495
0.45038431,0.41277013
-0.347554994,-0.249058788
0.539543715,0.227895448
-2.771960487,-0.481812818
4.719765814,4.460942874
0.634101838,0.57315073
5.315819442,2.36988197
2.950896288,1.591233689
-3.938707375,-1.11343412
4.046993404,2.459977578
1.366716484,0.656101921
3.790459737,2.775377626
-3.459594617,-1.428118522
1.892234735,1.065419338
-5.584049977,-5.102779191
-0.648105687,-0.315156383
-1.086329319,-0.414776856
4.67709861,0.953382206
-1.0203827,-0.35230391
-1.456589687,-0.6742908
-5.740585016,-4.094879963
-1.692526302,-0.77233888
-1.43722581,-0.537578354
-1.998370096,-1.042273673
-1.482129109,-0.649269081
-0.052030426,-0.039071767
1.360972607,0.949886972
-7.387117946,-1.784951399
-2.04696354,-1.720017016
-1.709042548,-1.082457583
3.399724866,2.634806154
-3.031159731,-1.197950592
-1.529567818,-0.530896266
0.895317388,0.138949976
3.874565862,1.913546061
4.874489438,1.729902024
-1.294016475,-0.479852633
-0.384496749,-0.175693836
0.120168461,0.04484428
-7.096731781,-2.980475391
-4.422428558,-1.341856352
5.190247167,4.429617061
-0.472054454,-0.087231403
2.450317059,0.659449657
-1.733967258,-0.911276688
0.960501962,0.634607127
2.918084157,1.422901868
-0.949030203,-0.589721215
1.019745624,0.493830958
-0.423056987,-0.071897635
-2.450353646,-1.520154252
1.263407458,1.215256594
-4.318020356,-1.18446325
-2.714103196,-1.316904654
3.112696954,1.102973351
-4.289360471,-3.257566048
-3.587648048,-1.272344991
4.723315803,2.866584545
3.684694705,1.773306903
-2.588408643,-1.012743218
3.025904292,0.51956375
-6.209884519,-0.146373229
2.066849183,1.642709997
0.393217234,0.148995159
-3.467382294,-1.243143949
0.357019207,0.012649788
2.051474515,0.326368466
-1.202129385,-0.540421777
-0.661954291,-0.454550502
1.53756248,0.9247786
1.615710134,0.948230288
0.116678821,0.042035569
-2.605216383,-1.954055088
-0.119138266,-0.095992107
4.533628456,0.48667652
-1.435986168,-0.353065214
-4.971901912,-3.403790251
-5.613667539,-2.663921963
3.160346352,1.626989041
-3.459256992,-3.063343143
-4.250011447,-0.271989895
6.675457099,5.886198222
-7.603456162,-4.935291353
3.911047716,0.853794649
0.739464575,0.384783776
-0.356780442,-0.192013872
-2.956908332,-0.654729785
-2.009889083,-1.098044689
2.526026873,0.810039821
1.752656818,0.967660828
1.172587267,0.543063366
-1.069093341,-0.788705683
0.670798009,0.263713282
5.08603651,3.937369935
0.27697699,0.222065623
1.554997522,0.741157523
1.233962789,0.441144491
-6.27222738,-3.898547863
0.875611739,0.115034689
1.546135978,0.43075478
0.400203641,0.196008283
-0.34496849,-0.248138161
-2.573578881,-1.202156423
0.717772274,0.168402026
-0.08094097,-0.062520654
4.5932137,3.003275651
0.564263348,0.008000372
4.35314757,0.851924258
-0.27489968,-0.133876747
-3.656163773,-2.82033
5.380411163,3.379901942
1.919125849,0.797445927
-2.857114236,-0.371589683
2.421623627,1.824103533
-3.009296529,-2.929355487
-3.44486831,-1.148395838
1.691196297,0.860945597
-4.877505402,-2.407827383
0.590470404,0.191668677
-2.172558546,-0.90091185
-0.974066079,-0.551725833
-1.682028635,-0.302176645
3.204036602,1.308029985
-0.774064459,-0.710202787
-9.188982676,-4.491399742
-4.100600313,-2.336292775
1.067411182,0.712473063
3.761202137,2.304569721
-0.400008583,-0.12147273
-0.751634399,-0.415421841
-0.255030983,-0.20510986
-0.068608337,-0.05696596
-0.714498625,-0.189817694
0.008869662,0.005488972
-0.824658616,-0.433231557
-4.228890727,-2.418936763
3.154091356,2.637382206
-2.216186298,-0.499906749
-1.463000453,-0.765858413
-3.721934573,-2.915184113
-2.937093708,-2.084207326
-2.797902382,-0.87360448
3.167807528,1.103461657
8.199568036,2.698390308
2.192081289,1.793539918
0.719544543,0.249645106
3.968359078,1.913439986
-1.004372798,-0.803826887
5.854607043,5.286363033
-4.681079041,-1.400894772
-8.190665622,-3.866370496
5.256399834,1.168889998
-1.601850388,-1.330750407
-2.14516,-0.4153762
-0.972514335,-0.826419403
6.032933831,3.718009331
4.231898259,0.108250665
3.737893539,2.910746305
-0.443588452,-0.277563872
-2.16649302,-0.726482092
-1.741519552,-0.196306309
-2.347927751,-1.681327097
3.480044635,3.164695992
2.355791636,0.486213876
1.145138068,0.267998379
-0.570680888,-0.091594598
-0.96055459,-0.698187769
0.769106819,0.732288127
2.983667118,1.487052921
1.529498989,0.902811049
-0.001728652,-0.001034438
0.435871252,0.287717444
2.128338144,1.667135874
1.683020448,1.116546173
4.297662138,2.064522453
1.291428786,0.821330914
1.648568491,0.860092608
-1.640904817,-0.354828492
2.259761388,1.62239335
1.298781786,0.95069733
0.864365761,0.348216924
8.140919705,1.21008
-2.647156044,-0.062364913
4.761997633,3.899314996
1.325850576,0.605145961
3.692285529,1.980335881
-5.043659104,-2.07514164
4.510852134,3.108868437
-3.754775484,-2.990976316
1.958618313,0.872528914
6.509774842,0.514263033
-5.548204757,-3.622275183
0.349385476,0.154991071
-3.16260034,-2.033928122
0.8131918,0.709388239
-4.887600374,-1.7085258
3.617105349,2.647683698
-4.629437369,-1.491618406
2.837535166,1.639424969
3.928584107,0.79189604
0.354464731,0.072003103
-2.497767922,-2.002117123
2.041793964,0.707517786
4.305308386,1.448960249
-0.578300058,-0.179033716
4.294707948,2.573196706
-2.013764034,-1.641139868
-1.407121223,-0.812465135
2.899286365,0.743565703
-2.530860231,-1.298743219
1.197366153,0.895011905
-3.197379854,-1.858758573
0.700250503,0.356313377
-1.719622411,-1.240709211
-1.485571346,-0.869886736
4.573352996,3.347407063
-5.779881249,-5.372370743
-4.869090069,-2.504615046
1.803362669,0.565323019